date,city,movie_title,cinema_name,time,format,language,event_type,scraped_at
2026-01-10,warszawa,Miss Moxy. Kocia ekipa (dubbing),Helios Warszawa Blue City,10:30,2D,dubbing,helios-dla-dzieci,2026-02-14T08:37:01.378209
2026-01-10,warszawa,Miss Moxy. Kocia ekipa (dubbing),Helios Warszawa Blue City,12:30,2D,dubbing,helios-dla-dzieci,2026-02-14T08:37:01.378222
2026-01-10,lodz,Miss Moxy. Kocia ekipa (dubbing),Helios Lodz,10:30,2D,dubbing,helios-dla-dzieci,2026-02-14T08:37:01.378227
2026-01-10,lodz,Miss Moxy. Kocia ekipa (dubbing),Helios Lodz,12:30,2D,dubbing,helios-dla-dzieci,2026-02-14T08:37:01.378229
2026-01-10,wroclaw,Miss Moxy. Kocia ekipa (dubbing),Helios Wroclaw Magnolia Park,10:30,2D,dubbing,helios-dla-dzieci,2026-02-14T08:37:01.378233
2026-01-10,wroclaw,Miss Moxy. Kocia ekipa (dubbing),Helios Wroclaw Magnolia Park,12:30,2D,dubbing,helios-dla-dzieci,2026-02-14T08:37:01.378237
2026-01-10,wroclaw,Miss Moxy. Kocia ekipa (dubbing),Helios Wroclaw Aleja Bielany,10:30,2D,dubbing,helios-dla-dzieci,2026-02-14T08:37:01.378241
2026-01-10,wroclaw,Miss Moxy. Kocia ekipa (dubbing),Helios Wroclaw Aleja Bielany,12:30,2D,dubbing,helios-dla-dzieci,2026-02-14T08:37:01.378244
2026-01-10,gdansk,Miss Moxy. Kocia ekipa (dubbing),Helios Gdansk Alfa Centrum,10:30,2D,dubbing,helios-dla-dzieci,2026-02-14T08:37:01.378248
2026-01-10,gdansk,Miss Moxy. Kocia ekipa (dubbing),Helios Gdansk Alfa Centrum,12:30,2D,dubbing,helios-dla-dzieci,2026-02-14T08:37:01.378250
2026-01-10,gdansk,Miss Moxy. Kocia ekipa (dubbing),Helios Gdansk Forum,10:30,2D,dubbing,helios-dla-dzieci,2026-02-14T08:37:01.378253
2026-01-10,gdansk,Miss Moxy. Kocia ekipa (dubbing),Helios Gdansk Forum,12:30,2D,dubbing,helios-dla-dzieci,2026-02-14T08:37:01.378255
2026-01-10,bialystok,Miss Moxy. Kocia ekipa (dubbing),Helios Bialystok Alfa,10:30,2D,dubbing,helios-dla-dzieci,2026-02-14T08:37:01.378258
2026-01-10,bialystok,Miss Moxy. Kocia ekipa (dubbing),Helios Bialystok Alfa,12:30,2D,dubbing,helios-dla-dzieci,2026-02-14T08:37:01.378260
2026-01-10,bialystok,Miss Moxy. Kocia ekipa (dubbing),Helios Bialystok Galeria Biala,10:30,2D,dubbing,helios-dla-dzieci,2026-02-14T08:37:01.378264
2026-01-10,bialystok,Miss Moxy. Kocia ekipa (dubbing),Helios Bialystok Galeria Biala,12:30,2D,dubbing,helios-dla-dzieci,2026-02-14T08:37:01.378265
2026-01-10,bialystok,Miss Moxy. Kocia ekipa (dubbing),Helios Bialystok Galeria Jurowiecka,10:30,2D,dubbing,helios-dla-dzieci,2026-02-14T08:37:01.378269
2026-01-10,bialystok,Miss Moxy. Kocia ekipa (dubbing),Helios Bialystok Galeria Jurowiecka,12:30,2D,dubbing,helios-dla-dzieci,2026-02-14T08:37:01.378271
2026-01-10,szczecin,Miss Moxy. Kocia ekipa (dubbing),Helios Szczecin Outlet Park,10:30,2D,dubbing,helios-dla-dzieci,2026-02-14T08:37:01.378274
2026-01-10,szczecin,Miss Moxy. Kocia ekipa (dubbing),Helios Szczecin Outlet Park,12:30,2D,dubbing,helios-dla-dzieci,2026-02-14T08:37:01.378275
2026-01-10,szczecin,Miss Moxy. Kocia ekipa (dubbing),Helios Szczecin Kupiec,10:30,2D,dubbing,helios-dla-dzieci,2026-02-14T08:37:01.378278
2026-01-10,szczecin,Miss Moxy. Kocia ekipa (dubbing),Helios Szczecin Kupiec,12:30,2D,dubbing,helios-dla-dzieci,2026-02-14T08:37:01.378280
2026-01-10,katowice,Miss Moxy. Kocia ekipa (dubbing),Helios Katowice,10:30,2D,dubbing,helios-dla-dzieci,2026-02-14T08:37:01.378282
2026-01-10,katowice,Miss Moxy. Kocia ekipa (dubbing),Helios Katowice,12:30,2D,dubbing,helios-dla-dzieci,2026-02-14T08:37:01.378284
2026-01-10,krakow,Miss Moxy. Kocia ekipa (dubbing),Helios Krakow,10:30,2D,dubbing,helios-dla-dzieci,2026-02-14T08:37:01.378287
2026-01-10,krakow,Miss Moxy. Kocia ekipa (dubbing),Helios Krakow,12:30,2D,dubbing,helios-dla-dzieci,2026-02-14T08:37:01.378289
2026-01-10,poznan,Miss Moxy. Kocia ekipa (dubbing),Helios Poznan Arena,10:30,2D,dubbing,helios-dla-dzieci,2026-02-14T08:37:01.378291
2026-01-10,poznan,Miss Moxy. Kocia ekipa (dubbing),Helios Poznan Arena,12:30,2D,dubbing,helios-dla-dzieci,2026-02-14T08:37:01.378293
2026-01-10,poznan,Miss Moxy. Kocia ekipa (dubbing),Helios Poznan Pestka,10:30,2D,dubbing,helios-dla-dzieci,2026-02-14T08:37:01.378295
2026-01-10,poznan,Miss Moxy. Kocia ekipa (dubbing),Helios Poznan Pestka,12:30,2D,dubbing,helios-dla-dzieci,2026-02-14T08:37:01.378297
2026-01-10,opole,Miss Moxy. Kocia ekipa (dubbing),Helios Opole Solaris,10:30,2D,dubbing,helios-dla-dzieci,2026-02-14T08:37:01.378299
2026-01-10,opole,Miss Moxy. Kocia ekipa (dubbing),Helios Opole Solaris,12:30,2D,dubbing,helios-dla-dzieci,2026-02-14T08:37:01.378301
2026-01-10,opole,Miss Moxy. Kocia ekipa (dubbing),Helios Opole Karolinka,10:30,2D,dubbing,helios-dla-dzieci,2026-02-14T08:37:01.378304
2026-01-10,opole,Miss Moxy. Kocia ekipa (dubbing),Helios Opole Karolinka,12:30,2D,dubbing,helios-dla-dzieci,2026-02-14T08:37:01.378306
2026-01-10,olsztyn,Miss Moxy. Kocia ekipa (dubbing),Helios Olsztyn,10:30,2D,dubbing,helios-dla-dzieci,2026-02-14T08:37:01.378308
2026-01-10,olsztyn,Miss Moxy. Kocia ekipa (dubbing),Helios Olsztyn,12:30,2D,dubbing,helios-dla-dzieci,2026-02-14T08:37:01.378310
2026-01-10,torun,Miss Moxy. Kocia ekipa (dubbing),Helios Torun,10:30,2D,dubbing,helios-dla-dzieci,2026-02-14T08:37:01.378312
2026-01-10,torun,Miss Moxy. Kocia ekipa (dubbing),Helios Torun,12:30,2D,dubbing,helios-dla-dzieci,2026-02-14T08:37:01.378314
2026-01-10,kielce,Miss Moxy. Kocia ekipa (dubbing),Helios Kielce,10:30,2D,dubbing,helios-dla-dzieci,2026-02-14T08:37:01.378316
2026-01-10,kielce,Miss Moxy. Kocia ekipa (dubbing),Helios Kielce,12:30,2D,dubbing,helios-dla-dzieci,2026-02-14T08:37:01.378318
2026-01-10,rzeszow,Miss Moxy. Kocia ekipa (dubbing),Helios Rzeszow,10:30,2D,dubbing,helios-dla-dzieci,2026-02-14T08:37:01.378320
2026-01-10,rzeszow,Miss Moxy. Kocia ekipa (dubbing),Helios Rzeszow,12:30,2D,dubbing,helios-dla-dzieci,2026-02-14T08:37:01.378322
2026-01-10,lublin,Miss Moxy. Kocia ekipa (dubbing),Helios Lublin Plaza,10:30,2D,dubbing,helios-dla-dzieci,2026-02-14T08:37:01.378330
2026-01-10,lublin,Miss Moxy. Kocia ekipa (dubbing),Helios Lublin Plaza,12:30,2D,dubbing,helios-dla-dzieci,2026-02-14T08:37:01.378332
2026-01-10,bydgoszcz,Miss Moxy. Kocia ekipa (dubbing),Helios Bydgoszcz Focus,10:30,2D,dubbing,helios-dla-dzieci,2026-02-14T08:37:01.378335
2026-01-10,bydgoszcz,Miss Moxy. Kocia ekipa (dubbing),Helios Bydgoszcz Focus,12:30,2D,dubbing,helios-dla-dzieci,2026-02-14T08:37:01.378337
2026-01-10,czestochowa,Miss Moxy. Kocia ekipa (dubbing),Helios Czestochowa Galeria Jurajska,10:30,2D,dubbing,helios-dla-dzieci,2026-02-14T08:37:01.378342
2026-01-10,czestochowa,Miss Moxy. Kocia ekipa (dubbing),Helios Czestochowa Galeria Jurajska,12:30,2D,dubbing,helios-dla-dzieci,2026-02-14T08:37:01.378344
2026-01-10,radom,Miss Moxy. Kocia ekipa (dubbing),Helios Radom,10:30,2D,dubbing,helios-dla-dzieci,2026-02-14T08:37:01.378346
2026-01-10,radom,Miss Moxy. Kocia ekipa (dubbing),Helios Radom,12:30,2D,dubbing,helios-dla-dzieci,2026-02-14T08:37:01.378348
2026-01-10,gliwice,Miss Moxy. Kocia ekipa (dubbing),Helios Gliwice Arena,10:30,2D,dubbing,helios-dla-dzieci,2026-02-14T08:37:01.378350
2026-01-10,gliwice,Miss Moxy. Kocia ekipa (dubbing),Helios Gliwice Arena,12:30,2D,dubbing,helios-dla-dzieci,2026-02-14T08:37:01.378352
2026-01-10,sosnowiec,Miss Moxy. Kocia ekipa (dubbing),Helios Sosnowiec Plaza,10:30,2D,dubbing,helios-dla-dzieci,2026-02-14T08:37:01.378354
2026-01-10,sosnowiec,Miss Moxy. Kocia ekipa (dubbing),Helios Sosnowiec Plaza,12:30,2D,dubbing,helios-dla-dzieci,2026-02-14T08:37:01.378356
2026-01-10,siedlce,Miss Moxy. Kocia ekipa (dubbing),Helios Siedlce,10:30,2D,dubbing,helios-dla-dzieci,2026-02-14T08:37:01.378358
2026-01-10,siedlce,Miss Moxy. Kocia ekipa (dubbing),Helios Siedlce,12:30,2D,dubbing,helios-dla-dzieci,2026-02-14T08:37:01.378360
2026-01-10,plock,Miss Moxy. Kocia ekipa (dubbing),Helios Plock Galeria Wisla,10:30,2D,dubbing,helios-dla-dzieci,2026-02-14T08:37:01.378363
2026-01-10,plock,Miss Moxy. Kocia ekipa (dubbing),Helios Plock Galeria Wisla,12:30,2D,dubbing,helios-dla-dzieci,2026-02-14T08:37:01.378365
2026-01-10,legnica,Miss Moxy. Kocia ekipa (dubbing),Helios Legnica,10:30,2D,dubbing,helios-dla-dzieci,2026-02-14T08:37:01.378367
2026-01-10,legnica,Miss Moxy. Kocia ekipa (dubbing),Helios Legnica,12:30,2D,dubbing,helios-dla-dzieci,2026-02-14T08:37:01.378369
2026-01-10,gorzow-wielkopolski,Miss Moxy. Kocia ekipa (dubbing),Helios Gorzow Wielkopolski Askana,10:30,2D,dubbing,helios-dla-dzieci,2026-02-14T08:37:01.378372
2026-01-10,gorzow-wielkopolski,Miss Moxy. Kocia ekipa (dubbing),Helios Gorzow Wielkopolski Askana,12:30,2D,dubbing,helios-dla-dzieci,2026-02-14T08:37:01.378373
2026-01-11,warszawa,Miss Moxy. Kocia ekipa (dubbing),Helios Warszawa Blue City,10:30,2D,dubbing,helios-dla-dzieci,2026-02-14T08:37:01.378377
2026-01-11,warszawa,Miss Moxy. Kocia ekipa (dubbing),Helios Warszawa Blue City,12:30,2D,dubbing,helios-dla-dzieci,2026-02-14T08:37:01.378379
2026-01-11,lodz,Miss Moxy. Kocia ekipa (dubbing),Helios Lodz,10:30,2D,dubbing,helios-dla-dzieci,2026-02-14T08:37:01.378381
2026-01-11,lodz,Miss Moxy. Kocia ekipa (dubbing),Helios Lodz,12:30,2D,dubbing,helios-dla-dzieci,2026-02-14T08:37:01.378383
2026-01-11,wroclaw,Miss Moxy. Kocia ekipa (dubbing),Helios Wroclaw Magnolia Park,10:30,2D,dubbing,helios-dla-dzieci,2026-02-14T08:37:01.378386
2026-01-11,wroclaw,Miss Moxy. Kocia ekipa (dubbing),Helios Wroclaw Magnolia Park,12:30,2D,dubbing,helios-dla-dzieci,2026-02-14T08:37:01.378388
2026-01-11,wroclaw,Miss Moxy. Kocia ekipa (dubbing),Helios Wroclaw Aleja Bielany,10:30,2D,dubbing,helios-dla-dzieci,2026-02-14T08:37:01.378390
2026-01-11,wroclaw,Miss Moxy. Kocia ekipa (dubbing),Helios Wroclaw Aleja Bielany,12:30,2D,dubbing,helios-dla-dzieci,2026-02-14T08:37:01.378392
2026-01-11,gdansk,Miss Moxy. Kocia ekipa (dubbing),Helios Gdansk Alfa Centrum,10:30,2D,dubbing,helios-dla-dzieci,2026-02-14T08:37:01.378394
2026-01-11,gdansk,Miss Moxy. Kocia ekipa (dubbing),Helios Gdansk Alfa Centrum,12:30,2D,dubbing,helios-dla-dzieci,2026-02-14T08:37:01.378396
2026-01-11,gdansk,Miss Moxy. Kocia ekipa (dubbing),Helios Gdansk Forum,10:30,2D,dubbing,helios-dla-dzieci,2026-02-14T08:37:01.378398
2026-01-11,gdansk,Miss Moxy. Kocia ekipa (dubbing),Helios Gdansk Forum,12:30,2D,dubbing,helios-dla-dzieci,2026-02-14T08:37:01.378400
2026-01-11,bialystok,Miss Moxy. Kocia ekipa (dubbing),Helios Bialystok Alfa,10:30,2D,dubbing,helios-dla-dzieci,2026-02-14T08:37:01.378403
2026-01-11,bialystok,Miss Moxy. Kocia ekipa (dubbing),Helios Bialystok Alfa,12:30,2D,dubbing,helios-dla-dzieci,2026-02-14T08:37:01.378404
2026-01-11,bialystok,Miss Moxy. Kocia ekipa (dubbing),Helios Bialystok Galeria Biala,10:30,2D,dubbing,helios-dla-dzieci,2026-02-14T08:37:01.378431
2026-01-11,bialystok,Miss Moxy. Kocia ekipa (dubbing),Helios Bialystok Galeria Biala,12:30,2D,dubbing,helios-dla-dzieci,2026-02-14T08:37:01.378433
2026-01-11,bialystok,Miss Moxy. Kocia ekipa (dubbing),Helios Bialystok Galeria Jurowiecka,10:30,2D,dubbing,helios-dla-dzieci,2026-02-14T08:37:01.378436
2026-01-11,bialystok,Miss Moxy. Kocia ekipa (dubbing),Helios Bialystok Galeria Jurowiecka,12:30,2D,dubbing,helios-dla-dzieci,2026-02-14T08:37:01.378438
2026-01-11,szczecin,Miss Moxy. Kocia ekipa (dubbing),Helios Szczecin Outlet Park,10:30,2D,dubbing,helios-dla-dzieci,2026-02-14T08:37:01.378440
2026-01-11,szczecin,Miss Moxy. Kocia ekipa (dubbing),Helios Szczecin Outlet Park,12:30,2D,dubbing,helios-dla-dzieci,2026-02-14T08:37:01.378445
2026-01-11,szczecin,Miss Moxy. Kocia ekipa (dubbing),Helios Szczecin Kupiec,10:30,2D,dubbing,helios-dla-dzieci,2026-02-14T08:37:01.378447
2026-01-11,szczecin,Miss Moxy. Kocia ekipa (dubbing),Helios Szczecin Kupiec,12:30,2D,dubbing,helios-dla-dzieci,2026-02-14T08:37:01.378449
2026-01-11,katowice,Miss Moxy. Kocia ekipa (dubbing),Helios Katowice,10:30,2D,dubbing,helios-dla-dzieci,2026-02-14T08:37:01.378451
2026-01-11,katowice,Miss Moxy. Kocia ekipa (dubbing),Helios Katowice,12:30,2D,dubbing,helios-dla-dzieci,2026-02-14T08:37:01.378453
2026-01-11,krakow,Miss Moxy. Kocia ekipa (dubbing),Helios Krakow,10:30,2D,dubbing,helios-dla-dzieci,2026-02-14T08:37:01.378457
2026-01-11,krakow,Miss Moxy. Kocia ekipa (dubbing),Helios Krakow,12:30,2D,dubbing,helios-dla-dzieci,2026-02-14T08:37:01.378459
2026-01-11,poznan,Miss Moxy. Kocia ekipa (dubbing),Helios Poznan Arena,10:30,2D,dubbing,helios-dla-dzieci,2026-02-14T08:37:01.378461
2026-01-11,poznan,Miss Moxy. Kocia ekipa (dubbing),Helios Poznan Arena,12:30,2D,dubbing,helios-dla-dzieci,2026-02-14T08:37:01.378463
2026-01-11,poznan,Miss Moxy. Kocia ekipa (dubbing),Helios Poznan Pestka,10:30,2D,dubbing,helios-dla-dzieci,2026-02-14T08:37:01.378466
2026-01-11,poznan,Miss Moxy. Kocia ekipa (dubbing),Helios Poznan Pestka,12:30,2D,dubbing,helios-dla-dzieci,2026-02-14T08:37:01.378467
2026-01-11,opole,Miss Moxy. Kocia ekipa (dubbing),Helios Opole Solaris,10:30,2D,dubbing,helios-dla-dzieci,2026-02-14T08:37:01.378470
2026-01-11,opole,Miss Moxy. Kocia ekipa (dubbing),Helios Opole Solaris,12:30,2D,dubbing,helios-dla-dzieci,2026-02-14T08:37:01.378472
2026-01-11,opole,Miss Moxy. Kocia ekipa (dubbing),Helios Opole Karolinka,10:30,2D,dubbing,helios-dla-dzieci,2026-02-14T08:37:01.378474
2026-01-11,opole,Miss Moxy. Kocia ekipa (dubbing),Helios Opole Karolinka,12:30,2D,dubbing,helios-dla-dzieci,2026-02-14T08:37:01.378476
2026-01-11,olsztyn,Miss Moxy. Kocia ekipa (dubbing),Helios Olsztyn,10:30,2D,dubbing,helios-dla-dzieci,2026-02-14T08:37:01.378478
2026-01-11,olsztyn,Miss Moxy. Kocia ekipa (dubbing),Helios Olsztyn,12:30,2D,dubbing,helios-dla-dzieci,2026-02-14T08:37:01.378480
2026-01-11,torun,Miss Moxy. Kocia ekipa (dubbing),Helios Torun,10:30,2D,dubbing,helios-dla-dzieci,2026-02-14T08:37:01.378482
2026-01-11,torun,Miss Moxy. Kocia ekipa (dubbing),Helios Torun,12:30,2D,dubbing,helios-dla-dzieci,2026-02-14T08:37:01.378484
2026-01-11,kielce,Miss Moxy. Kocia ekipa (dubbing),Helios Kielce,10:30,2D,dubbing,helios-dla-dzieci,2026-02-14T08:37:01.378488
2026-01-11,kielce,Miss Moxy. Kocia ekipa (dubbing),Helios Kielce,12:30,2D,dubbing,helios-dla-dzieci,2026-02-14T08:37:01.378490
2026-01-11,rzeszow,Miss Moxy. Kocia ekipa (dubbing),Helios Rzeszow,10:30,2D,dubbing,helios-dla-dzieci,2026-02-14T08:37:01.378492
2026-01-11,rzeszow,Miss Moxy. Kocia ekipa (dubbing),Helios Rzeszow,12:30,2D,dubbing,helios-dla-dzieci,2026-02-14T08:37:01.378494
2026-01-11,lublin,Miss Moxy. Kocia ekipa (dubbing),Helios Lublin Plaza,10:30,2D,dubbing,helios-dla-dzieci,2026-02-14T08:37:01.378496
2026-01-11,lublin,Miss Moxy. Kocia ekipa (dubbing),Helios Lublin Plaza,12:30,2D,dubbing,helios-dla-dzieci,2026-02-14T08:37:01.378498
2026-01-11,bydgoszcz,Miss Moxy. Kocia ekipa (dubbing),Helios Bydgoszcz Focus,10:30,2D,dubbing,helios-dla-dzieci,2026-02-14T08:37:01.378501
2026-01-11,bydgoszcz,Miss Moxy. Kocia ekipa (dubbing),Helios Bydgoszcz Focus,12:30,2D,dubbing,helios-dla-dzieci,2026-02-14T08:37:01.378502
2026-01-11,czestochowa,Miss Moxy. Kocia ekipa (dubbing),Helios Czestochowa Galeria Jurajska,10:30,2D,dubbing,helios-dla-dzieci,2026-02-14T08:37:01.378505
2026-01-11,czestochowa,Miss Moxy. Kocia ekipa (dubbing),Helios Czestochowa Galeria Jurajska,12:30,2D,dubbing,helios-dla-dzieci,2026-02-14T08:37:01.378507
2026-01-11,radom,Miss Moxy. Kocia ekipa (dubbing),Helios Radom,10:30,2D,dubbing,helios-dla-dzieci,2026-02-14T08:37:01.378509
2026-01-11,radom,Miss Moxy. Kocia ekipa (dubbing),Helios Radom,12:30,2D,dubbing,helios-dla-dzieci,2026-02-14T08:37:01.378511
2026-01-11,gliwice,Miss Moxy. Kocia ekipa (dubbing),Helios Gliwice Arena,10:30,2D,dubbing,helios-dla-dzieci,2026-02-14T08:37:01.378513
2026-01-11,gliwice,Miss Moxy. Kocia ekipa (dubbing),Helios Gliwice Arena,12:30,2D,dubbing,helios-dla-dzieci,2026-02-14T08:37:01.378515
2026-01-11,sosnowiec,Miss Moxy. Kocia ekipa (dubbing),Helios Sosnowiec Plaza,10:30,2D,dubbing,helios-dla-dzieci,2026-02-14T08:37:01.378517
2026-01-11,sosnowiec,Miss Moxy. Kocia ekipa (dubbing),Helios Sosnowiec Plaza,12:30,2D,dubbing,helios-dla-dzieci,2026-02-14T08:37:01.378519
2026-01-11,siedlce,Miss Moxy. Kocia ekipa (dubbing),Helios Siedlce,10:30,2D,dubbing,helios-dla-dzieci,2026-02-14T08:37:01.378521
2026-01-11,siedlce,Miss Moxy. Kocia ekipa (dubbing),Helios Siedlce,12:30,2D,dubbing,helios-dla-dzieci,2026-02-14T08:37:01.378523
2026-01-11,plock,Miss Moxy. Kocia ekipa (dubbing),Helios Plock Galeria Wisla,10:30,2D,dubbing,helios-dla-dzieci,2026-02-14T08:37:01.378525
2026-01-11,plock,Miss Moxy. Kocia ekipa (dubbing),Helios Plock Galeria Wisla,12:30,2D,dubbing,helios-dla-dzieci,2026-02-14T08:37:01.378527
2026-01-11,legnica,Miss Moxy. Kocia ekipa (dubbing),Helios Legnica,10:30,2D,dubbing,helios-dla-dzieci,2026-02-14T08:37:01.378529
2026-01-11,legnica,Miss Moxy. Kocia ekipa (dubbing),Helios Legnica,12:30,2D,dubbing,helios-dla-dzieci,2026-02-14T08:37:01.378531
2026-01-11,gorzow-wielkopolski,Miss Moxy. Kocia ekipa (dubbing),Helios Gorzow Wielkopolski Askana,10:30,2D,dubbing,helios-dla-dzieci,2026-02-14T08:37:01.378534
2026-01-11,gorzow-wielkopolski,Miss Moxy. Kocia ekipa (dubbing),Helios Gorzow Wielkopolski Askana,12:30,2D,dubbing,helios-dla-dzieci,2026-02-14T08:37:01.378536
2026-01-10,warszawa,Mała Amelia,Helios Warszawa Blue City,15:00,2D,dubbing,helios-anime,2026-02-14T08:37:01.378539
2026-01-10,lodz,Mała Amelia,Helios Lodz,15:00,2D,dubbing,helios-anime,2026-02-14T08:37:01.378542
2026-01-10,wroclaw,Mała Amelia,Helios Wroclaw Magnolia Park,15:00,2D,dubbing,helios-anime,2026-02-14T08:37:01.378544
2026-01-10,wroclaw,Mała Amelia,Helios Wroclaw Aleja Bielany,15:00,2D,dubbing,helios-anime,2026-02-14T08:37:01.378547
2026-01-10,gdansk,Mała Amelia,Helios Gdansk Alfa Centrum,15:00,2D,dubbing,helios-anime,2026-02-14T08:37:01.378550
2026-01-10,gdansk,Mała Amelia,Helios Gdansk Forum,15:00,2D,dubbing,helios-anime,2026-02-14T08:37:01.378553
2026-01-10,bialystok,Mała Amelia,Helios Bialystok Alfa,15:00,2D,dubbing,helios-anime,2026-02-14T08:37:01.378555
2026-01-10,bialystok,Mała Amelia,Helios Bialystok Galeria Biala,15:00,2D,dubbing,helios-anime,2026-02-14T08:37:01.378558
2026-01-10,bialystok,Mała Amelia,Helios Bialystok Galeria Jurowiecka,15:00,2D,dubbing,helios-anime,2026-02-14T08:37:01.378560
2026-01-10,szczecin,Mała Amelia,Helios Szczecin Outlet Park,15:00,2D,dubbing,helios-anime,2026-02-14T08:37:01.378563
2026-01-11,warszawa,Mała Amelia,Helios Warszawa Blue City,15:00,2D,dubbing,helios-anime,2026-02-14T08:37:01.378565
2026-01-11,lodz,Mała Amelia,Helios Lodz,15:00,2D,dubbing,helios-anime,2026-02-14T08:37:01.378568
2026-01-11,wroclaw,Mała Amelia,Helios Wroclaw Magnolia Park,15:00,2D,dubbing,helios-anime,2026-02-14T08:37:01.378570
2026-01-11,wroclaw,Mała Amelia,Helios Wroclaw Aleja Bielany,15:00,2D,dubbing,helios-anime,2026-02-14T08:37:01.378573
2026-01-11,gdansk,Mała Amelia,Helios Gdansk Alfa Centrum,15:00,2D,dubbing,helios-anime,2026-02-14T08:37:01.378575
2026-01-11,gdansk,Mała Amelia,Helios Gdansk Forum,15:00,2D,dubbing,helios-anime,2026-02-14T08:37:01.378578
2026-01-11,bialystok,Mała Amelia,Helios Bialystok Alfa,15:00,2D,dubbing,helios-anime,2026-02-14T08:37:01.378580
2026-01-11,bialystok,Mała Amelia,Helios Bialystok Galeria Biala,15:00,2D,dubbing,helios-anime,2026-02-14T08:37:01.378582
2026-01-11,bialystok,Mała Amelia,Helios Bialystok Galeria Jurowiecka,15:00,2D,dubbing,helios-anime,2026-02-14T08:37:01.378585
2026-01-11,szczecin,Mała Amelia,Helios Szczecin Outlet Park,15:00,2D,dubbing,helios-anime,2026-02-14T08:37:01.378587
