date,city,movie_title,cinema_name,time,format,language,event_type,scraped_at
2026-01-10,warszawa,Miss Moxy. Kocia ekipa (dubbing),Helios Warszawa Blue City,10:30,2D,dubbing,helios-dla-dzieci,2026-02-19T08:51:15.502813
2026-01-10,warszawa,Miss Moxy. Kocia ekipa (dubbing),Helios Warszawa Blue City,12:30,2D,dubbing,helios-dla-dzieci,2026-02-19T08:51:15.502825
2026-01-10,lodz,Miss Moxy. Kocia ekipa (dubbing),Helios Lodz,10:30,2D,dubbing,helios-dla-dzieci,2026-02-19T08:51:15.502830
2026-01-10,lodz,Miss Moxy. Kocia ekipa (dubbing),Helios Lodz,12:30,2D,dubbing,helios-dla-dzieci,2026-02-19T08:51:15.502833
2026-01-10,wroclaw,Miss Moxy. Kocia ekipa (dubbing),Helios Wroclaw Magnolia Park,10:30,2D,dubbing,helios-dla-dzieci,2026-02-19T08:51:15.502837
2026-01-10,wroclaw,Miss Moxy. Kocia ekipa (dubbing),Helios Wroclaw Magnolia Park,12:30,2D,dubbing,helios-dla-dzieci,2026-02-19T08:51:15.502841
2026-01-10,wroclaw,Miss Moxy. Kocia ekipa (dubbing),Helios Wroclaw Aleja Bielany,10:30,2D,dubbing,helios-dla-dzieci,2026-02-19T08:51:15.502845
2026-01-10,wroclaw,Miss Moxy. Kocia ekipa (dubbing),Helios Wroclaw Aleja Bielany,12:30,2D,dubbing,helios-dla-dzieci,2026-02-19T08:51:15.502848
2026-01-10,gdansk,Miss Moxy. Kocia ekipa (dubbing),Helios Gdansk Alfa Centrum,10:30,2D,dubbing,helios-dla-dzieci,2026-02-19T08:51:15.502852
2026-01-10,gdansk,Miss Moxy. Kocia ekipa (dubbing),Helios Gdansk Alfa Centrum,12:30,2D,dubbing,helios-dla-dzieci,2026-02-19T08:51:15.502854
2026-01-10,gdansk,Miss Moxy. Kocia ekipa (dubbing),Helios Gdansk Forum,10:30,2D,dubbing,helios-dla-dzieci,2026-02-19T08:51:15.502857
2026-01-10,gdansk,Miss Moxy. Kocia ekipa (dubbing),Helios Gdansk Forum,12:30,2D,dubbing,helios-dla-dzieci,2026-02-19T08:51:15.502859
2026-01-10,bialystok,Miss Moxy. Kocia ekipa (dubbing),Helios Bialystok Alfa,10:30,2D,dubbing,helios-dla-dzieci,2026-02-19T08:51:15.502862
2026-01-10,bialystok,Miss Moxy. Kocia ekipa (dubbing),Helios Bialystok Alfa,12:30,2D,dubbing,helios-dla-dzieci,2026-02-19T08:51:15.502864
2026-01-10,bialystok,Miss Moxy. Kocia ekipa (dubbing),Helios Bialystok Galeria Biala,10:30,2D,dubbing,helios-dla-dzieci,2026-02-19T08:51:15.502868
2026-01-10,bialystok,Miss Moxy. Kocia ekipa (dubbing),Helios Bialystok Galeria Biala,12:30,2D,dubbing,helios-dla-dzieci,2026-02-19T08:51:15.502869
2026-01-10,bialystok,Miss Moxy. Kocia ekipa (dubbing),Helios Bialystok Galeria Jurowiecka,10:30,2D,dubbing,helios-dla-dzieci,2026-02-19T08:51:15.502873
2026-01-10,bialystok,Miss Moxy. Kocia ekipa (dubbing),Helios Bialystok Galeria Jurowiecka,12:30,2D,dubbing,helios-dla-dzieci,2026-02-19T08:51:15.502875
2026-01-10,szczecin,Miss Moxy. Kocia ekipa (dubbing),Helios Szczecin Outlet Park,10:30,2D,dubbing,helios-dla-dzieci,2026-02-19T08:51:15.502878
2026-01-10,szczecin,Miss Moxy. Kocia ekipa (dubbing),Helios Szczecin Outlet Park,12:30,2D,dubbing,helios-dla-dzieci,2026-02-19T08:51:15.502880
2026-01-10,szczecin,Miss Moxy. Kocia ekipa (dubbing),Helios Szczecin Kupiec,10:30,2D,dubbing,helios-dla-dzieci,2026-02-19T08:51:15.502882
2026-01-10,szczecin,Miss Moxy. Kocia ekipa (dubbing),Helios Szczecin Kupiec,12:30,2D,dubbing,helios-dla-dzieci,2026-02-19T08:51:15.502884
2026-01-10,katowice,Miss Moxy. Kocia ekipa (dubbing),Helios Katowice,10:30,2D,dubbing,helios-dla-dzieci,2026-02-19T08:51:15.502887
2026-01-10,katowice,Miss Moxy. Kocia ekipa (dubbing),Helios Katowice,12:30,2D,dubbing,helios-dla-dzieci,2026-02-19T08:51:15.502888
2026-01-10,krakow,Miss Moxy. Kocia ekipa (dubbing),Helios Krakow,10:30,2D,dubbing,helios-dla-dzieci,2026-02-19T08:51:15.502891
2026-01-10,krakow,Miss Moxy. Kocia ekipa (dubbing),Helios Krakow,12:30,2D,dubbing,helios-dla-dzieci,2026-02-19T08:51:15.502893
2026-01-10,poznan,Miss Moxy. Kocia ekipa (dubbing),Helios Poznan Arena,10:30,2D,dubbing,helios-dla-dzieci,2026-02-19T08:51:15.502895
2026-01-10,poznan,Miss Moxy. Kocia ekipa (dubbing),Helios Poznan Arena,12:30,2D,dubbing,helios-dla-dzieci,2026-02-19T08:51:15.502897
2026-01-10,poznan,Miss Moxy. Kocia ekipa (dubbing),Helios Poznan Pestka,10:30,2D,dubbing,helios-dla-dzieci,2026-02-19T08:51:15.502899
2026-01-10,poznan,Miss Moxy. Kocia ekipa (dubbing),Helios Poznan Pestka,12:30,2D,dubbing,helios-dla-dzieci,2026-02-19T08:51:15.502901
2026-01-10,opole,Miss Moxy. Kocia ekipa (dubbing),Helios Opole Solaris,10:30,2D,dubbing,helios-dla-dzieci,2026-02-19T08:51:15.502904
2026-01-10,opole,Miss Moxy. Kocia ekipa (dubbing),Helios Opole Solaris,12:30,2D,dubbing,helios-dla-dzieci,2026-02-19T08:51:15.502905
2026-01-10,opole,Miss Moxy. Kocia ekipa (dubbing),Helios Opole Karolinka,10:30,2D,dubbing,helios-dla-dzieci,2026-02-19T08:51:15.502908
2026-01-10,opole,Miss Moxy. Kocia ekipa (dubbing),Helios Opole Karolinka,12:30,2D,dubbing,helios-dla-dzieci,2026-02-19T08:51:15.502910
2026-01-10,olsztyn,Miss Moxy. Kocia ekipa (dubbing),Helios Olsztyn,10:30,2D,dubbing,helios-dla-dzieci,2026-02-19T08:51:15.502912
2026-01-10,olsztyn,Miss Moxy. Kocia ekipa (dubbing),Helios Olsztyn,12:30,2D,dubbing,helios-dla-dzieci,2026-02-19T08:51:15.502914
2026-01-10,torun,Miss Moxy. Kocia ekipa (dubbing),Helios Torun,10:30,2D,dubbing,helios-dla-dzieci,2026-02-19T08:51:15.502916
2026-01-10,torun,Miss Moxy. Kocia ekipa (dubbing),Helios Torun,12:30,2D,dubbing,helios-dla-dzieci,2026-02-19T08:51:15.502918
2026-01-10,kielce,Miss Moxy. Kocia ekipa (dubbing),Helios Kielce,10:30,2D,dubbing,helios-dla-dzieci,2026-02-19T08:51:15.502920
2026-01-10,kielce,Miss Moxy. Kocia ekipa (dubbing),Helios Kielce,12:30,2D,dubbing,helios-dla-dzieci,2026-02-19T08:51:15.502922
2026-01-10,rzeszow,Miss Moxy. Kocia ekipa (dubbing),Helios Rzeszow,10:30,2D,dubbing,helios-dla-dzieci,2026-02-19T08:51:15.502927
2026-01-10,rzeszow,Miss Moxy. Kocia ekipa (dubbing),Helios Rzeszow,12:30,2D,dubbing,helios-dla-dzieci,2026-02-19T08:51:15.502929
2026-01-10,lublin,Miss Moxy. Kocia ekipa (dubbing),Helios Lublin Plaza,10:30,2D,dubbing,helios-dla-dzieci,2026-02-19T08:51:15.502932
2026-01-10,lublin,Miss Moxy. Kocia ekipa (dubbing),Helios Lublin Plaza,12:30,2D,dubbing,helios-dla-dzieci,2026-02-19T08:51:15.502934
2026-01-10,bydgoszcz,Miss Moxy. Kocia ekipa (dubbing),Helios Bydgoszcz Focus,10:30,2D,dubbing,helios-dla-dzieci,2026-02-19T08:51:15.502936
2026-01-10,bydgoszcz,Miss Moxy. Kocia ekipa (dubbing),Helios Bydgoszcz Focus,12:30,2D,dubbing,helios-dla-dzieci,2026-02-19T08:51:15.502938
2026-01-10,czestochowa,Miss Moxy. Kocia ekipa (dubbing),Helios Czestochowa Galeria Jurajska,10:30,2D,dubbing,helios-dla-dzieci,2026-02-19T08:51:15.502941
2026-01-10,czestochowa,Miss Moxy. Kocia ekipa (dubbing),Helios Czestochowa Galeria Jurajska,12:30,2D,dubbing,helios-dla-dzieci,2026-02-19T08:51:15.502942
2026-01-10,radom,Miss Moxy. Kocia ekipa (dubbing),Helios Radom,10:30,2D,dubbing,helios-dla-dzieci,2026-02-19T08:51:15.502945
2026-01-10,radom,Miss Moxy. Kocia ekipa (dubbing),Helios Radom,12:30,2D,dubbing,helios-dla-dzieci,2026-02-19T08:51:15.502947
2026-01-10,gliwice,Miss Moxy. Kocia ekipa (dubbing),Helios Gliwice Arena,10:30,2D,dubbing,helios-dla-dzieci,2026-02-19T08:51:15.502949
2026-01-10,gliwice,Miss Moxy. Kocia ekipa (dubbing),Helios Gliwice Arena,12:30,2D,dubbing,helios-dla-dzieci,2026-02-19T08:51:15.502951
2026-01-10,sosnowiec,Miss Moxy. Kocia ekipa (dubbing),Helios Sosnowiec Plaza,10:30,2D,dubbing,helios-dla-dzieci,2026-02-19T08:51:15.502953
2026-01-10,sosnowiec,Miss Moxy. Kocia ekipa (dubbing),Helios Sosnowiec Plaza,12:30,2D,dubbing,helios-dla-dzieci,2026-02-19T08:51:15.502955
2026-01-10,siedlce,Miss Moxy. Kocia ekipa (dubbing),Helios Siedlce,10:30,2D,dubbing,helios-dla-dzieci,2026-02-19T08:51:15.502958
2026-01-10,siedlce,Miss Moxy. Kocia ekipa (dubbing),Helios Siedlce,12:30,2D,dubbing,helios-dla-dzieci,2026-02-19T08:51:15.502959
2026-01-10,plock,Miss Moxy. Kocia ekipa (dubbing),Helios Plock Galeria Wisla,10:30,2D,dubbing,helios-dla-dzieci,2026-02-19T08:51:15.502964
2026-01-10,plock,Miss Moxy. Kocia ekipa (dubbing),Helios Plock Galeria Wisla,12:30,2D,dubbing,helios-dla-dzieci,2026-02-19T08:51:15.502966
2026-01-10,legnica,Miss Moxy. Kocia ekipa (dubbing),Helios Legnica,10:30,2D,dubbing,helios-dla-dzieci,2026-02-19T08:51:15.502968
2026-01-10,legnica,Miss Moxy. Kocia ekipa (dubbing),Helios Legnica,12:30,2D,dubbing,helios-dla-dzieci,2026-02-19T08:51:15.502970
2026-01-10,gorzow-wielkopolski,Miss Moxy. Kocia ekipa (dubbing),Helios Gorzow Wielkopolski Askana,10:30,2D,dubbing,helios-dla-dzieci,2026-02-19T08:51:15.502973
2026-01-10,gorzow-wielkopolski,Miss Moxy. Kocia ekipa (dubbing),Helios Gorzow Wielkopolski Askana,12:30,2D,dubbing,helios-dla-dzieci,2026-02-19T08:51:15.502975
2026-01-11,warszawa,Miss Moxy. Kocia ekipa (dubbing),Helios Warszawa Blue City,10:30,2D,dubbing,helios-dla-dzieci,2026-02-19T08:51:15.502978
2026-01-11,warszawa,Miss Moxy. Kocia ekipa (dubbing),Helios Warszawa Blue City,12:30,2D,dubbing,helios-dla-dzieci,2026-02-19T08:51:15.502980
2026-01-11,lodz,Miss Moxy. Kocia ekipa (dubbing),Helios Lodz,10:30,2D,dubbing,helios-dla-dzieci,2026-02-19T08:51:15.502982
2026-01-11,lodz,Miss Moxy. Kocia ekipa (dubbing),Helios Lodz,12:30,2D,dubbing,helios-dla-dzieci,2026-02-19T08:51:15.502984
2026-01-11,wroclaw,Miss Moxy. Kocia ekipa (dubbing),Helios Wroclaw Magnolia Park,10:30,2D,dubbing,helios-dla-dzieci,2026-02-19T08:51:15.502987
2026-01-11,wroclaw,Miss Moxy. Kocia ekipa (dubbing),Helios Wroclaw Magnolia Park,12:30,2D,dubbing,helios-dla-dzieci,2026-02-19T08:51:15.502989
2026-01-11,wroclaw,Miss Moxy. Kocia ekipa (dubbing),Helios Wroclaw Aleja Bielany,10:30,2D,dubbing,helios-dla-dzieci,2026-02-19T08:51:15.502991
2026-01-11,wroclaw,Miss Moxy. Kocia ekipa (dubbing),Helios Wroclaw Aleja Bielany,12:30,2D,dubbing,helios-dla-dzieci,2026-02-19T08:51:15.502993
2026-01-11,gdansk,Miss Moxy. Kocia ekipa (dubbing),Helios Gdansk Alfa Centrum,10:30,2D,dubbing,helios-dla-dzieci,2026-02-19T08:51:15.502995
2026-01-11,gdansk,Miss Moxy. Kocia ekipa (dubbing),Helios Gdansk Alfa Centrum,12:30,2D,dubbing,helios-dla-dzieci,2026-02-19T08:51:15.502997
2026-01-11,gdansk,Miss Moxy. Kocia ekipa (dubbing),Helios Gdansk Forum,10:30,2D,dubbing,helios-dla-dzieci,2026-02-19T08:51:15.502999
2026-01-11,gdansk,Miss Moxy. Kocia ekipa (dubbing),Helios Gdansk Forum,12:30,2D,dubbing,helios-dla-dzieci,2026-02-19T08:51:15.503001
2026-01-11,bialystok,Miss Moxy. Kocia ekipa (dubbing),Helios Bialystok Alfa,10:30,2D,dubbing,helios-dla-dzieci,2026-02-19T08:51:15.503003
2026-01-11,bialystok,Miss Moxy. Kocia ekipa (dubbing),Helios Bialystok Alfa,12:30,2D,dubbing,helios-dla-dzieci,2026-02-19T08:51:15.503005
2026-01-11,bialystok,Miss Moxy. Kocia ekipa (dubbing),Helios Bialystok Galeria Biala,10:30,2D,dubbing,helios-dla-dzieci,2026-02-19T08:51:15.503008
2026-01-11,bialystok,Miss Moxy. Kocia ekipa (dubbing),Helios Bialystok Galeria Biala,12:30,2D,dubbing,helios-dla-dzieci,2026-02-19T08:51:15.503010
2026-01-11,bialystok,Miss Moxy. Kocia ekipa (dubbing),Helios Bialystok Galeria Jurowiecka,10:30,2D,dubbing,helios-dla-dzieci,2026-02-19T08:51:15.503014
2026-01-11,bialystok,Miss Moxy. Kocia ekipa (dubbing),Helios Bialystok Galeria Jurowiecka,12:30,2D,dubbing,helios-dla-dzieci,2026-02-19T08:51:15.503016
2026-01-11,szczecin,Miss Moxy. Kocia ekipa (dubbing),Helios Szczecin Outlet Park,10:30,2D,dubbing,helios-dla-dzieci,2026-02-19T08:51:15.503019
2026-01-11,szczecin,Miss Moxy. Kocia ekipa (dubbing),Helios Szczecin Outlet Park,12:30,2D,dubbing,helios-dla-dzieci,2026-02-19T08:51:15.503021
2026-01-11,szczecin,Miss Moxy. Kocia ekipa (dubbing),Helios Szczecin Kupiec,10:30,2D,dubbing,helios-dla-dzieci,2026-02-19T08:51:15.503023
2026-01-11,szczecin,Miss Moxy. Kocia ekipa (dubbing),Helios Szczecin Kupiec,12:30,2D,dubbing,helios-dla-dzieci,2026-02-19T08:51:15.503025
2026-01-11,katowice,Miss Moxy. Kocia ekipa (dubbing),Helios Katowice,10:30,2D,dubbing,helios-dla-dzieci,2026-02-19T08:51:15.503027
2026-01-11,katowice,Miss Moxy. Kocia ekipa (dubbing),Helios Katowice,12:30,2D,dubbing,helios-dla-dzieci,2026-02-19T08:51:15.503029
2026-01-11,krakow,Miss Moxy. Kocia ekipa (dubbing),Helios Krakow,10:30,2D,dubbing,helios-dla-dzieci,2026-02-19T08:51:15.503031
2026-01-11,krakow,Miss Moxy. Kocia ekipa (dubbing),Helios Krakow,12:30,2D,dubbing,helios-dla-dzieci,2026-02-19T08:51:15.503033
2026-01-11,poznan,Miss Moxy. Kocia ekipa (dubbing),Helios Poznan Arena,10:30,2D,dubbing,helios-dla-dzieci,2026-02-19T08:51:15.503037
2026-01-11,poznan,Miss Moxy. Kocia ekipa (dubbing),Helios Poznan Arena,12:30,2D,dubbing,helios-dla-dzieci,2026-02-19T08:51:15.503039
2026-01-11,poznan,Miss Moxy. Kocia ekipa (dubbing),Helios Poznan Pestka,10:30,2D,dubbing,helios-dla-dzieci,2026-02-19T08:51:15.503041
2026-01-11,poznan,Miss Moxy. Kocia ekipa (dubbing),Helios Poznan Pestka,12:30,2D,dubbing,helios-dla-dzieci,2026-02-19T08:51:15.503043
2026-01-11,opole,Miss Moxy. Kocia ekipa (dubbing),Helios Opole Solaris,10:30,2D,dubbing,helios-dla-dzieci,2026-02-19T08:51:15.503045
2026-01-11,opole,Miss Moxy. Kocia ekipa (dubbing),Helios Opole Solaris,12:30,2D,dubbing,helios-dla-dzieci,2026-02-19T08:51:15.503048
2026-01-11,opole,Miss Moxy. Kocia ekipa (dubbing),Helios Opole Karolinka,10:30,2D,dubbing,helios-dla-dzieci,2026-02-19T08:51:15.503050
2026-01-11,opole,Miss Moxy. Kocia ekipa (dubbing),Helios Opole Karolinka,12:30,2D,dubbing,helios-dla-dzieci,2026-02-19T08:51:15.503052
2026-01-11,olsztyn,Miss Moxy. Kocia ekipa (dubbing),Helios Olsztyn,10:30,2D,dubbing,helios-dla-dzieci,2026-02-19T08:51:15.503054
2026-01-11,olsztyn,Miss Moxy. Kocia ekipa (dubbing),Helios Olsztyn,12:30,2D,dubbing,helios-dla-dzieci,2026-02-19T08:51:15.503056
2026-01-11,torun,Miss Moxy. Kocia ekipa (dubbing),Helios Torun,10:30,2D,dubbing,helios-dla-dzieci,2026-02-19T08:51:15.503058
2026-01-11,torun,Miss Moxy. Kocia ekipa (dubbing),Helios Torun,12:30,2D,dubbing,helios-dla-dzieci,2026-02-19T08:51:15.503060
2026-01-11,kielce,Miss Moxy. Kocia ekipa (dubbing),Helios Kielce,10:30,2D,dubbing,helios-dla-dzieci,2026-02-19T08:51:15.503062
2026-01-11,kielce,Miss Moxy. Kocia ekipa (dubbing),Helios Kielce,12:30,2D,dubbing,helios-dla-dzieci,2026-02-19T08:51:15.503064
2026-01-11,rzeszow,Miss Moxy. Kocia ekipa (dubbing),Helios Rzeszow,10:30,2D,dubbing,helios-dla-dzieci,2026-02-19T08:51:15.503066
2026-01-11,rzeszow,Miss Moxy. Kocia ekipa (dubbing),Helios Rzeszow,12:30,2D,dubbing,helios-dla-dzieci,2026-02-19T08:51:15.503068
2026-01-11,lublin,Miss Moxy. Kocia ekipa (dubbing),Helios Lublin Plaza,10:30,2D,dubbing,helios-dla-dzieci,2026-02-19T08:51:15.503070
2026-01-11,lublin,Miss Moxy. Kocia ekipa (dubbing),Helios Lublin Plaza,12:30,2D,dubbing,helios-dla-dzieci,2026-02-19T08:51:15.503072
2026-01-11,bydgoszcz,Miss Moxy. Kocia ekipa (dubbing),Helios Bydgoszcz Focus,10:30,2D,dubbing,helios-dla-dzieci,2026-02-19T08:51:15.503074
2026-01-11,bydgoszcz,Miss Moxy. Kocia ekipa (dubbing),Helios Bydgoszcz Focus,12:30,2D,dubbing,helios-dla-dzieci,2026-02-19T08:51:15.503076
2026-01-11,czestochowa,Miss Moxy. Kocia ekipa (dubbing),Helios Czestochowa Galeria Jurajska,10:30,2D,dubbing,helios-dla-dzieci,2026-02-19T08:51:15.503078
2026-01-11,czestochowa,Miss Moxy. Kocia ekipa (dubbing),Helios Czestochowa Galeria Jurajska,12:30,2D,dubbing,helios-dla-dzieci,2026-02-19T08:51:15.503080
2026-01-11,radom,Miss Moxy. Kocia ekipa (dubbing),Helios Radom,10:30,2D,dubbing,helios-dla-dzieci,2026-02-19T08:51:15.503082
2026-01-11,radom,Miss Moxy. Kocia ekipa (dubbing),Helios Radom,12:30,2D,dubbing,helios-dla-dzieci,2026-02-19T08:51:15.503084
2026-01-11,gliwice,Miss Moxy. Kocia ekipa (dubbing),Helios Gliwice Arena,10:30,2D,dubbing,helios-dla-dzieci,2026-02-19T08:51:15.503089
2026-01-11,gliwice,Miss Moxy. Kocia ekipa (dubbing),Helios Gliwice Arena,12:30,2D,dubbing,helios-dla-dzieci,2026-02-19T08:51:15.503090
2026-01-11,sosnowiec,Miss Moxy. Kocia ekipa (dubbing),Helios Sosnowiec Plaza,10:30,2D,dubbing,helios-dla-dzieci,2026-02-19T08:51:15.503093
2026-01-11,sosnowiec,Miss Moxy. Kocia ekipa (dubbing),Helios Sosnowiec Plaza,12:30,2D,dubbing,helios-dla-dzieci,2026-02-19T08:51:15.503094
2026-01-11,siedlce,Miss Moxy. Kocia ekipa (dubbing),Helios Siedlce,10:30,2D,dubbing,helios-dla-dzieci,2026-02-19T08:51:15.503097
2026-01-11,siedlce,Miss Moxy. Kocia ekipa (dubbing),Helios Siedlce,12:30,2D,dubbing,helios-dla-dzieci,2026-02-19T08:51:15.503098
2026-01-11,plock,Miss Moxy. Kocia ekipa (dubbing),Helios Plock Galeria Wisla,10:30,2D,dubbing,helios-dla-dzieci,2026-02-19T08:51:15.503101
2026-01-11,plock,Miss Moxy. Kocia ekipa (dubbing),Helios Plock Galeria Wisla,12:30,2D,dubbing,helios-dla-dzieci,2026-02-19T08:51:15.503105
2026-01-11,legnica,Miss Moxy. Kocia ekipa (dubbing),Helios Legnica,10:30,2D,dubbing,helios-dla-dzieci,2026-02-19T08:51:15.503107
2026-01-11,legnica,Miss Moxy. Kocia ekipa (dubbing),Helios Legnica,12:30,2D,dubbing,helios-dla-dzieci,2026-02-19T08:51:15.503109
2026-01-11,gorzow-wielkopolski,Miss Moxy. Kocia ekipa (dubbing),Helios Gorzow Wielkopolski Askana,10:30,2D,dubbing,helios-dla-dzieci,2026-02-19T08:51:15.503112
2026-01-11,gorzow-wielkopolski,Miss Moxy. Kocia ekipa (dubbing),Helios Gorzow Wielkopolski Askana,12:30,2D,dubbing,helios-dla-dzieci,2026-02-19T08:51:15.503113
2026-01-10,warszawa,Mała Amelia,Helios Warszawa Blue City,15:00,2D,dubbing,helios-anime,2026-02-19T08:51:15.503116
2026-01-10,lodz,Mała Amelia,Helios Lodz,15:00,2D,dubbing,helios-anime,2026-02-19T08:51:15.503119
2026-01-10,wroclaw,Mała Amelia,Helios Wroclaw Magnolia Park,15:00,2D,dubbing,helios-anime,2026-02-19T08:51:15.503121
2026-01-10,wroclaw,Mała Amelia,Helios Wroclaw Aleja Bielany,15:00,2D,dubbing,helios-anime,2026-02-19T08:51:15.503124
2026-01-10,gdansk,Mała Amelia,Helios Gdansk Alfa Centrum,15:00,2D,dubbing,helios-anime,2026-02-19T08:51:15.503128
2026-01-10,gdansk,Mała Amelia,Helios Gdansk Forum,15:00,2D,dubbing,helios-anime,2026-02-19T08:51:15.503131
2026-01-10,bialystok,Mała Amelia,Helios Bialystok Alfa,15:00,2D,dubbing,helios-anime,2026-02-19T08:51:15.503133
2026-01-10,bialystok,Mała Amelia,Helios Bialystok Galeria Biala,15:00,2D,dubbing,helios-anime,2026-02-19T08:51:15.503136
2026-01-10,bialystok,Mała Amelia,Helios Bialystok Galeria Jurowiecka,15:00,2D,dubbing,helios-anime,2026-02-19T08:51:15.503138
2026-01-10,szczecin,Mała Amelia,Helios Szczecin Outlet Park,15:00,2D,dubbing,helios-anime,2026-02-19T08:51:15.503141
2026-01-11,warszawa,Mała Amelia,Helios Warszawa Blue City,15:00,2D,dubbing,helios-anime,2026-02-19T08:51:15.503143
2026-01-11,lodz,Mała Amelia,Helios Lodz,15:00,2D,dubbing,helios-anime,2026-02-19T08:51:15.503146
2026-01-11,wroclaw,Mała Amelia,Helios Wroclaw Magnolia Park,15:00,2D,dubbing,helios-anime,2026-02-19T08:51:15.503148
2026-01-11,wroclaw,Mała Amelia,Helios Wroclaw Aleja Bielany,15:00,2D,dubbing,helios-anime,2026-02-19T08:51:15.503150
2026-01-11,gdansk,Mała Amelia,Helios Gdansk Alfa Centrum,15:00,2D,dubbing,helios-anime,2026-02-19T08:51:15.503153
2026-01-11,gdansk,Mała Amelia,Helios Gdansk Forum,15:00,2D,dubbing,helios-anime,2026-02-19T08:51:15.503155
2026-01-11,bialystok,Mała Amelia,Helios Bialystok Alfa,15:00,2D,dubbing,helios-anime,2026-02-19T08:51:15.503157
2026-01-11,bialystok,Mała Amelia,Helios Bialystok Galeria Biala,15:00,2D,dubbing,helios-anime,2026-02-19T08:51:15.503160
2026-01-11,bialystok,Mała Amelia,Helios Bialystok Galeria Jurowiecka,15:00,2D,dubbing,helios-anime,2026-02-19T08:51:15.503162
2026-01-11,szczecin,Mała Amelia,Helios Szczecin Outlet Park,15:00,2D,dubbing,helios-anime,2026-02-19T08:51:15.503165
