date,city,movie_title,cinema_name,time,format,language,event_type,scraped_at
2026-01-10,warszawa,Miss Moxy. Kocia ekipa (dubbing),Helios Warszawa Blue City,10:30,2D,dubbing,helios-dla-dzieci,2026-02-25T08:54:55.113851
2026-01-10,warszawa,Miss Moxy. Kocia ekipa (dubbing),Helios Warszawa Blue City,12:30,2D,dubbing,helios-dla-dzieci,2026-02-25T08:54:55.113862
2026-01-10,lodz,Miss Moxy. Kocia ekipa (dubbing),Helios Lodz,10:30,2D,dubbing,helios-dla-dzieci,2026-02-25T08:54:55.113867
2026-01-10,lodz,Miss Moxy. Kocia ekipa (dubbing),Helios Lodz,12:30,2D,dubbing,helios-dla-dzieci,2026-02-25T08:54:55.113869
2026-01-10,wroclaw,Miss Moxy. Kocia ekipa (dubbing),Helios Wroclaw Magnolia Park,10:30,2D,dubbing,helios-dla-dzieci,2026-02-25T08:54:55.113873
2026-01-10,wroclaw,Miss Moxy. Kocia ekipa (dubbing),Helios Wroclaw Magnolia Park,12:30,2D,dubbing,helios-dla-dzieci,2026-02-25T08:54:55.113877
2026-01-10,wroclaw,Miss Moxy. Kocia ekipa (dubbing),Helios Wroclaw Aleja Bielany,10:30,2D,dubbing,helios-dla-dzieci,2026-02-25T08:54:55.113885
2026-01-10,wroclaw,Miss Moxy. Kocia ekipa (dubbing),Helios Wroclaw Aleja Bielany,12:30,2D,dubbing,helios-dla-dzieci,2026-02-25T08:54:55.113888
2026-01-10,gdansk,Miss Moxy. Kocia ekipa (dubbing),Helios Gdansk Alfa Centrum,10:30,2D,dubbing,helios-dla-dzieci,2026-02-25T08:54:55.113892
2026-01-10,gdansk,Miss Moxy. Kocia ekipa (dubbing),Helios Gdansk Alfa Centrum,12:30,2D,dubbing,helios-dla-dzieci,2026-02-25T08:54:55.113894
2026-01-10,gdansk,Miss Moxy. Kocia ekipa (dubbing),Helios Gdansk Forum,10:30,2D,dubbing,helios-dla-dzieci,2026-02-25T08:54:55.113897
2026-01-10,gdansk,Miss Moxy. Kocia ekipa (dubbing),Helios Gdansk Forum,12:30,2D,dubbing,helios-dla-dzieci,2026-02-25T08:54:55.113899
2026-01-10,bialystok,Miss Moxy. Kocia ekipa (dubbing),Helios Bialystok Alfa,10:30,2D,dubbing,helios-dla-dzieci,2026-02-25T08:54:55.113902
2026-01-10,bialystok,Miss Moxy. Kocia ekipa (dubbing),Helios Bialystok Alfa,12:30,2D,dubbing,helios-dla-dzieci,2026-02-25T08:54:55.113904
2026-01-10,bialystok,Miss Moxy. Kocia ekipa (dubbing),Helios Bialystok Galeria Biala,10:30,2D,dubbing,helios-dla-dzieci,2026-02-25T08:54:55.113908
2026-01-10,bialystok,Miss Moxy. Kocia ekipa (dubbing),Helios Bialystok Galeria Biala,12:30,2D,dubbing,helios-dla-dzieci,2026-02-25T08:54:55.113910
2026-01-10,bialystok,Miss Moxy. Kocia ekipa (dubbing),Helios Bialystok Galeria Jurowiecka,10:30,2D,dubbing,helios-dla-dzieci,2026-02-25T08:54:55.113913
2026-01-10,bialystok,Miss Moxy. Kocia ekipa (dubbing),Helios Bialystok Galeria Jurowiecka,12:30,2D,dubbing,helios-dla-dzieci,2026-02-25T08:54:55.113915
2026-01-10,szczecin,Miss Moxy. Kocia ekipa (dubbing),Helios Szczecin Outlet Park,10:30,2D,dubbing,helios-dla-dzieci,2026-02-25T08:54:55.113918
2026-01-10,szczecin,Miss Moxy. Kocia ekipa (dubbing),Helios Szczecin Outlet Park,12:30,2D,dubbing,helios-dla-dzieci,2026-02-25T08:54:55.113920
2026-01-10,szczecin,Miss Moxy. Kocia ekipa (dubbing),Helios Szczecin Kupiec,10:30,2D,dubbing,helios-dla-dzieci,2026-02-25T08:54:55.113922
2026-01-10,szczecin,Miss Moxy. Kocia ekipa (dubbing),Helios Szczecin Kupiec,12:30,2D,dubbing,helios-dla-dzieci,2026-02-25T08:54:55.113924
2026-01-10,katowice,Miss Moxy. Kocia ekipa (dubbing),Helios Katowice,10:30,2D,dubbing,helios-dla-dzieci,2026-02-25T08:54:55.113927
2026-01-10,katowice,Miss Moxy. Kocia ekipa (dubbing),Helios Katowice,12:30,2D,dubbing,helios-dla-dzieci,2026-02-25T08:54:55.113929
2026-01-10,krakow,Miss Moxy. Kocia ekipa (dubbing),Helios Krakow,10:30,2D,dubbing,helios-dla-dzieci,2026-02-25T08:54:55.113931
2026-01-10,krakow,Miss Moxy. Kocia ekipa (dubbing),Helios Krakow,12:30,2D,dubbing,helios-dla-dzieci,2026-02-25T08:54:55.113933
2026-01-10,poznan,Miss Moxy. Kocia ekipa (dubbing),Helios Poznan Arena,10:30,2D,dubbing,helios-dla-dzieci,2026-02-25T08:54:55.113935
2026-01-10,poznan,Miss Moxy. Kocia ekipa (dubbing),Helios Poznan Arena,12:30,2D,dubbing,helios-dla-dzieci,2026-02-25T08:54:55.113937
2026-01-10,poznan,Miss Moxy. Kocia ekipa (dubbing),Helios Poznan Pestka,10:30,2D,dubbing,helios-dla-dzieci,2026-02-25T08:54:55.113939
2026-01-10,poznan,Miss Moxy. Kocia ekipa (dubbing),Helios Poznan Pestka,12:30,2D,dubbing,helios-dla-dzieci,2026-02-25T08:54:55.113941
2026-01-10,opole,Miss Moxy. Kocia ekipa (dubbing),Helios Opole Solaris,10:30,2D,dubbing,helios-dla-dzieci,2026-02-25T08:54:55.113944
2026-01-10,opole,Miss Moxy. Kocia ekipa (dubbing),Helios Opole Solaris,12:30,2D,dubbing,helios-dla-dzieci,2026-02-25T08:54:55.113945
2026-01-10,opole,Miss Moxy. Kocia ekipa (dubbing),Helios Opole Karolinka,10:30,2D,dubbing,helios-dla-dzieci,2026-02-25T08:54:55.113948
2026-01-10,opole,Miss Moxy. Kocia ekipa (dubbing),Helios Opole Karolinka,12:30,2D,dubbing,helios-dla-dzieci,2026-02-25T08:54:55.113950
2026-01-10,olsztyn,Miss Moxy. Kocia ekipa (dubbing),Helios Olsztyn,10:30,2D,dubbing,helios-dla-dzieci,2026-02-25T08:54:55.113952
2026-01-10,olsztyn,Miss Moxy. Kocia ekipa (dubbing),Helios Olsztyn,12:30,2D,dubbing,helios-dla-dzieci,2026-02-25T08:54:55.113954
2026-01-10,torun,Miss Moxy. Kocia ekipa (dubbing),Helios Torun,10:30,2D,dubbing,helios-dla-dzieci,2026-02-25T08:54:55.113956
2026-01-10,torun,Miss Moxy. Kocia ekipa (dubbing),Helios Torun,12:30,2D,dubbing,helios-dla-dzieci,2026-02-25T08:54:55.113958
2026-01-10,kielce,Miss Moxy. Kocia ekipa (dubbing),Helios Kielce,10:30,2D,dubbing,helios-dla-dzieci,2026-02-25T08:54:55.113962
2026-01-10,kielce,Miss Moxy. Kocia ekipa (dubbing),Helios Kielce,12:30,2D,dubbing,helios-dla-dzieci,2026-02-25T08:54:55.113964
2026-01-10,rzeszow,Miss Moxy. Kocia ekipa (dubbing),Helios Rzeszow,10:30,2D,dubbing,helios-dla-dzieci,2026-02-25T08:54:55.113966
2026-01-10,rzeszow,Miss Moxy. Kocia ekipa (dubbing),Helios Rzeszow,12:30,2D,dubbing,helios-dla-dzieci,2026-02-25T08:54:55.113968
2026-01-10,lublin,Miss Moxy. Kocia ekipa (dubbing),Helios Lublin Plaza,10:30,2D,dubbing,helios-dla-dzieci,2026-02-25T08:54:55.113971
2026-01-10,lublin,Miss Moxy. Kocia ekipa (dubbing),Helios Lublin Plaza,12:30,2D,dubbing,helios-dla-dzieci,2026-02-25T08:54:55.113972
2026-01-10,bydgoszcz,Miss Moxy. Kocia ekipa (dubbing),Helios Bydgoszcz Focus,10:30,2D,dubbing,helios-dla-dzieci,2026-02-25T08:54:55.113975
2026-01-10,bydgoszcz,Miss Moxy. Kocia ekipa (dubbing),Helios Bydgoszcz Focus,12:30,2D,dubbing,helios-dla-dzieci,2026-02-25T08:54:55.113977
2026-01-10,czestochowa,Miss Moxy. Kocia ekipa (dubbing),Helios Czestochowa Galeria Jurajska,10:30,2D,dubbing,helios-dla-dzieci,2026-02-25T08:54:55.113979
2026-01-10,czestochowa,Miss Moxy. Kocia ekipa (dubbing),Helios Czestochowa Galeria Jurajska,12:30,2D,dubbing,helios-dla-dzieci,2026-02-25T08:54:55.113981
2026-01-10,radom,Miss Moxy. Kocia ekipa (dubbing),Helios Radom,10:30,2D,dubbing,helios-dla-dzieci,2026-02-25T08:54:55.113983
2026-01-10,radom,Miss Moxy. Kocia ekipa (dubbing),Helios Radom,12:30,2D,dubbing,helios-dla-dzieci,2026-02-25T08:54:55.113985
2026-01-10,gliwice,Miss Moxy. Kocia ekipa (dubbing),Helios Gliwice Arena,10:30,2D,dubbing,helios-dla-dzieci,2026-02-25T08:54:55.113988
2026-01-10,gliwice,Miss Moxy. Kocia ekipa (dubbing),Helios Gliwice Arena,12:30,2D,dubbing,helios-dla-dzieci,2026-02-25T08:54:55.113990
2026-01-10,sosnowiec,Miss Moxy. Kocia ekipa (dubbing),Helios Sosnowiec Plaza,10:30,2D,dubbing,helios-dla-dzieci,2026-02-25T08:54:55.113992
2026-01-10,sosnowiec,Miss Moxy. Kocia ekipa (dubbing),Helios Sosnowiec Plaza,12:30,2D,dubbing,helios-dla-dzieci,2026-02-25T08:54:55.113994
2026-01-10,siedlce,Miss Moxy. Kocia ekipa (dubbing),Helios Siedlce,10:30,2D,dubbing,helios-dla-dzieci,2026-02-25T08:54:55.113996
2026-01-10,siedlce,Miss Moxy. Kocia ekipa (dubbing),Helios Siedlce,12:30,2D,dubbing,helios-dla-dzieci,2026-02-25T08:54:55.113998
2026-01-10,plock,Miss Moxy. Kocia ekipa (dubbing),Helios Plock Galeria Wisla,10:30,2D,dubbing,helios-dla-dzieci,2026-02-25T08:54:55.114001
2026-01-10,plock,Miss Moxy. Kocia ekipa (dubbing),Helios Plock Galeria Wisla,12:30,2D,dubbing,helios-dla-dzieci,2026-02-25T08:54:55.114003
2026-01-10,legnica,Miss Moxy. Kocia ekipa (dubbing),Helios Legnica,10:30,2D,dubbing,helios-dla-dzieci,2026-02-25T08:54:55.114005
2026-01-10,legnica,Miss Moxy. Kocia ekipa (dubbing),Helios Legnica,12:30,2D,dubbing,helios-dla-dzieci,2026-02-25T08:54:55.114007
2026-01-10,gorzow-wielkopolski,Miss Moxy. Kocia ekipa (dubbing),Helios Gorzow Wielkopolski Askana,10:30,2D,dubbing,helios-dla-dzieci,2026-02-25T08:54:55.114010
2026-01-10,gorzow-wielkopolski,Miss Moxy. Kocia ekipa (dubbing),Helios Gorzow Wielkopolski Askana,12:30,2D,dubbing,helios-dla-dzieci,2026-02-25T08:54:55.114012
2026-01-11,warszawa,Miss Moxy. Kocia ekipa (dubbing),Helios Warszawa Blue City,10:30,2D,dubbing,helios-dla-dzieci,2026-02-25T08:54:55.114017
2026-01-11,warszawa,Miss Moxy. Kocia ekipa (dubbing),Helios Warszawa Blue City,12:30,2D,dubbing,helios-dla-dzieci,2026-02-25T08:54:55.114019
2026-01-11,lodz,Miss Moxy. Kocia ekipa (dubbing),Helios Lodz,10:30,2D,dubbing,helios-dla-dzieci,2026-02-25T08:54:55.114021
2026-01-11,lodz,Miss Moxy. Kocia ekipa (dubbing),Helios Lodz,12:30,2D,dubbing,helios-dla-dzieci,2026-02-25T08:54:55.114023
2026-01-11,wroclaw,Miss Moxy. Kocia ekipa (dubbing),Helios Wroclaw Magnolia Park,10:30,2D,dubbing,helios-dla-dzieci,2026-02-25T08:54:55.114027
2026-01-11,wroclaw,Miss Moxy. Kocia ekipa (dubbing),Helios Wroclaw Magnolia Park,12:30,2D,dubbing,helios-dla-dzieci,2026-02-25T08:54:55.114028
2026-01-11,wroclaw,Miss Moxy. Kocia ekipa (dubbing),Helios Wroclaw Aleja Bielany,10:30,2D,dubbing,helios-dla-dzieci,2026-02-25T08:54:55.114046
2026-01-11,wroclaw,Miss Moxy. Kocia ekipa (dubbing),Helios Wroclaw Aleja Bielany,12:30,2D,dubbing,helios-dla-dzieci,2026-02-25T08:54:55.114048
2026-01-11,gdansk,Miss Moxy. Kocia ekipa (dubbing),Helios Gdansk Alfa Centrum,10:30,2D,dubbing,helios-dla-dzieci,2026-02-25T08:54:55.114051
2026-01-11,gdansk,Miss Moxy. Kocia ekipa (dubbing),Helios Gdansk Alfa Centrum,12:30,2D,dubbing,helios-dla-dzieci,2026-02-25T08:54:55.114053
2026-01-11,gdansk,Miss Moxy. Kocia ekipa (dubbing),Helios Gdansk Forum,10:30,2D,dubbing,helios-dla-dzieci,2026-02-25T08:54:55.114055
2026-01-11,gdansk,Miss Moxy. Kocia ekipa (dubbing),Helios Gdansk Forum,12:30,2D,dubbing,helios-dla-dzieci,2026-02-25T08:54:55.114057
2026-01-11,bialystok,Miss Moxy. Kocia ekipa (dubbing),Helios Bialystok Alfa,10:30,2D,dubbing,helios-dla-dzieci,2026-02-25T08:54:55.114059
2026-01-11,bialystok,Miss Moxy. Kocia ekipa (dubbing),Helios Bialystok Alfa,12:30,2D,dubbing,helios-dla-dzieci,2026-02-25T08:54:55.114061
2026-01-11,bialystok,Miss Moxy. Kocia ekipa (dubbing),Helios Bialystok Galeria Biala,10:30,2D,dubbing,helios-dla-dzieci,2026-02-25T08:54:55.114063
2026-01-11,bialystok,Miss Moxy. Kocia ekipa (dubbing),Helios Bialystok Galeria Biala,12:30,2D,dubbing,helios-dla-dzieci,2026-02-25T08:54:55.114067
2026-01-11,bialystok,Miss Moxy. Kocia ekipa (dubbing),Helios Bialystok Galeria Jurowiecka,10:30,2D,dubbing,helios-dla-dzieci,2026-02-25T08:54:55.114070
2026-01-11,bialystok,Miss Moxy. Kocia ekipa (dubbing),Helios Bialystok Galeria Jurowiecka,12:30,2D,dubbing,helios-dla-dzieci,2026-02-25T08:54:55.114072
2026-01-11,szczecin,Miss Moxy. Kocia ekipa (dubbing),Helios Szczecin Outlet Park,10:30,2D,dubbing,helios-dla-dzieci,2026-02-25T08:54:55.114075
2026-01-11,szczecin,Miss Moxy. Kocia ekipa (dubbing),Helios Szczecin Outlet Park,12:30,2D,dubbing,helios-dla-dzieci,2026-02-25T08:54:55.114076
2026-01-11,szczecin,Miss Moxy. Kocia ekipa (dubbing),Helios Szczecin Kupiec,10:30,2D,dubbing,helios-dla-dzieci,2026-02-25T08:54:55.114079
2026-01-11,szczecin,Miss Moxy. Kocia ekipa (dubbing),Helios Szczecin Kupiec,12:30,2D,dubbing,helios-dla-dzieci,2026-02-25T08:54:55.114081
2026-01-11,katowice,Miss Moxy. Kocia ekipa (dubbing),Helios Katowice,10:30,2D,dubbing,helios-dla-dzieci,2026-02-25T08:54:55.114083
2026-01-11,katowice,Miss Moxy. Kocia ekipa (dubbing),Helios Katowice,12:30,2D,dubbing,helios-dla-dzieci,2026-02-25T08:54:55.114085
2026-01-11,krakow,Miss Moxy. Kocia ekipa (dubbing),Helios Krakow,10:30,2D,dubbing,helios-dla-dzieci,2026-02-25T08:54:55.114087
2026-01-11,krakow,Miss Moxy. Kocia ekipa (dubbing),Helios Krakow,12:30,2D,dubbing,helios-dla-dzieci,2026-02-25T08:54:55.114089
2026-01-11,poznan,Miss Moxy. Kocia ekipa (dubbing),Helios Poznan Arena,10:30,2D,dubbing,helios-dla-dzieci,2026-02-25T08:54:55.114093
2026-01-11,poznan,Miss Moxy. Kocia ekipa (dubbing),Helios Poznan Arena,12:30,2D,dubbing,helios-dla-dzieci,2026-02-25T08:54:55.114095
2026-01-11,poznan,Miss Moxy. Kocia ekipa (dubbing),Helios Poznan Pestka,10:30,2D,dubbing,helios-dla-dzieci,2026-02-25T08:54:55.114097
2026-01-11,poznan,Miss Moxy. Kocia ekipa (dubbing),Helios Poznan Pestka,12:30,2D,dubbing,helios-dla-dzieci,2026-02-25T08:54:55.114099
2026-01-11,opole,Miss Moxy. Kocia ekipa (dubbing),Helios Opole Solaris,10:30,2D,dubbing,helios-dla-dzieci,2026-02-25T08:54:55.114102
2026-01-11,opole,Miss Moxy. Kocia ekipa (dubbing),Helios Opole Solaris,12:30,2D,dubbing,helios-dla-dzieci,2026-02-25T08:54:55.114104
2026-01-11,opole,Miss Moxy. Kocia ekipa (dubbing),Helios Opole Karolinka,10:30,2D,dubbing,helios-dla-dzieci,2026-02-25T08:54:55.114106
2026-01-11,opole,Miss Moxy. Kocia ekipa (dubbing),Helios Opole Karolinka,12:30,2D,dubbing,helios-dla-dzieci,2026-02-25T08:54:55.114108
2026-01-11,olsztyn,Miss Moxy. Kocia ekipa (dubbing),Helios Olsztyn,10:30,2D,dubbing,helios-dla-dzieci,2026-02-25T08:54:55.114110
2026-01-11,olsztyn,Miss Moxy. Kocia ekipa (dubbing),Helios Olsztyn,12:30,2D,dubbing,helios-dla-dzieci,2026-02-25T08:54:55.114112
2026-01-11,torun,Miss Moxy. Kocia ekipa (dubbing),Helios Torun,10:30,2D,dubbing,helios-dla-dzieci,2026-02-25T08:54:55.114114
2026-01-11,torun,Miss Moxy. Kocia ekipa (dubbing),Helios Torun,12:30,2D,dubbing,helios-dla-dzieci,2026-02-25T08:54:55.114116
2026-01-11,kielce,Miss Moxy. Kocia ekipa (dubbing),Helios Kielce,10:30,2D,dubbing,helios-dla-dzieci,2026-02-25T08:54:55.114118
2026-01-11,kielce,Miss Moxy. Kocia ekipa (dubbing),Helios Kielce,12:30,2D,dubbing,helios-dla-dzieci,2026-02-25T08:54:55.114120
2026-01-11,rzeszow,Miss Moxy. Kocia ekipa (dubbing),Helios Rzeszow,10:30,2D,dubbing,helios-dla-dzieci,2026-02-25T08:54:55.114122
2026-01-11,rzeszow,Miss Moxy. Kocia ekipa (dubbing),Helios Rzeszow,12:30,2D,dubbing,helios-dla-dzieci,2026-02-25T08:54:55.114124
2026-01-11,lublin,Miss Moxy. Kocia ekipa (dubbing),Helios Lublin Plaza,10:30,2D,dubbing,helios-dla-dzieci,2026-02-25T08:54:55.114126
2026-01-11,lublin,Miss Moxy. Kocia ekipa (dubbing),Helios Lublin Plaza,12:30,2D,dubbing,helios-dla-dzieci,2026-02-25T08:54:55.114128
2026-01-11,bydgoszcz,Miss Moxy. Kocia ekipa (dubbing),Helios Bydgoszcz Focus,10:30,2D,dubbing,helios-dla-dzieci,2026-02-25T08:54:55.114130
2026-01-11,bydgoszcz,Miss Moxy. Kocia ekipa (dubbing),Helios Bydgoszcz Focus,12:30,2D,dubbing,helios-dla-dzieci,2026-02-25T08:54:55.114132
2026-01-11,czestochowa,Miss Moxy. Kocia ekipa (dubbing),Helios Czestochowa Galeria Jurajska,10:30,2D,dubbing,helios-dla-dzieci,2026-02-25T08:54:55.114135
2026-01-11,czestochowa,Miss Moxy. Kocia ekipa (dubbing),Helios Czestochowa Galeria Jurajska,12:30,2D,dubbing,helios-dla-dzieci,2026-02-25T08:54:55.114137
2026-01-11,radom,Miss Moxy. Kocia ekipa (dubbing),Helios Radom,10:30,2D,dubbing,helios-dla-dzieci,2026-02-25T08:54:55.114139
2026-01-11,radom,Miss Moxy. Kocia ekipa (dubbing),Helios Radom,12:30,2D,dubbing,helios-dla-dzieci,2026-02-25T08:54:55.114141
2026-01-11,gliwice,Miss Moxy. Kocia ekipa (dubbing),Helios Gliwice Arena,10:30,2D,dubbing,helios-dla-dzieci,2026-02-25T08:54:55.114143
2026-01-11,gliwice,Miss Moxy. Kocia ekipa (dubbing),Helios Gliwice Arena,12:30,2D,dubbing,helios-dla-dzieci,2026-02-25T08:54:55.114145
2026-01-11,sosnowiec,Miss Moxy. Kocia ekipa (dubbing),Helios Sosnowiec Plaza,10:30,2D,dubbing,helios-dla-dzieci,2026-02-25T08:54:55.114147
2026-01-11,sosnowiec,Miss Moxy. Kocia ekipa (dubbing),Helios Sosnowiec Plaza,12:30,2D,dubbing,helios-dla-dzieci,2026-02-25T08:54:55.114149
2026-01-11,siedlce,Miss Moxy. Kocia ekipa (dubbing),Helios Siedlce,10:30,2D,dubbing,helios-dla-dzieci,2026-02-25T08:54:55.114151
2026-01-11,siedlce,Miss Moxy. Kocia ekipa (dubbing),Helios Siedlce,12:30,2D,dubbing,helios-dla-dzieci,2026-02-25T08:54:55.114153
2026-01-11,plock,Miss Moxy. Kocia ekipa (dubbing),Helios Plock Galeria Wisla,10:30,2D,dubbing,helios-dla-dzieci,2026-02-25T08:54:55.114157
2026-01-11,plock,Miss Moxy. Kocia ekipa (dubbing),Helios Plock Galeria Wisla,12:30,2D,dubbing,helios-dla-dzieci,2026-02-25T08:54:55.114159
2026-01-11,legnica,Miss Moxy. Kocia ekipa (dubbing),Helios Legnica,10:30,2D,dubbing,helios-dla-dzieci,2026-02-25T08:54:55.114161
2026-01-11,legnica,Miss Moxy. Kocia ekipa (dubbing),Helios Legnica,12:30,2D,dubbing,helios-dla-dzieci,2026-02-25T08:54:55.114163
2026-01-11,gorzow-wielkopolski,Miss Moxy. Kocia ekipa (dubbing),Helios Gorzow Wielkopolski Askana,10:30,2D,dubbing,helios-dla-dzieci,2026-02-25T08:54:55.114166
2026-01-11,gorzow-wielkopolski,Miss Moxy. Kocia ekipa (dubbing),Helios Gorzow Wielkopolski Askana,12:30,2D,dubbing,helios-dla-dzieci,2026-02-25T08:54:55.114168
2026-01-10,warszawa,Mała Amelia,Helios Warszawa Blue City,15:00,2D,dubbing,helios-anime,2026-02-25T08:54:55.114171
2026-01-10,lodz,Mała Amelia,Helios Lodz,15:00,2D,dubbing,helios-anime,2026-02-25T08:54:55.114173
2026-01-10,wroclaw,Mała Amelia,Helios Wroclaw Magnolia Park,15:00,2D,dubbing,helios-anime,2026-02-25T08:54:55.114175
2026-01-10,wroclaw,Mała Amelia,Helios Wroclaw Aleja Bielany,15:00,2D,dubbing,helios-anime,2026-02-25T08:54:55.114178
2026-01-10,gdansk,Mała Amelia,Helios Gdansk Alfa Centrum,15:00,2D,dubbing,helios-anime,2026-02-25T08:54:55.114182
2026-01-10,gdansk,Mała Amelia,Helios Gdansk Forum,15:00,2D,dubbing,helios-anime,2026-02-25T08:54:55.114185
2026-01-10,bialystok,Mała Amelia,Helios Bialystok Alfa,15:00,2D,dubbing,helios-anime,2026-02-25T08:54:55.114187
2026-01-10,bialystok,Mała Amelia,Helios Bialystok Galeria Biala,15:00,2D,dubbing,helios-anime,2026-02-25T08:54:55.114190
2026-01-10,bialystok,Mała Amelia,Helios Bialystok Galeria Jurowiecka,15:00,2D,dubbing,helios-anime,2026-02-25T08:54:55.114192
2026-01-10,szczecin,Mała Amelia,Helios Szczecin Outlet Park,15:00,2D,dubbing,helios-anime,2026-02-25T08:54:55.114195
2026-01-11,warszawa,Mała Amelia,Helios Warszawa Blue City,15:00,2D,dubbing,helios-anime,2026-02-25T08:54:55.114198
2026-01-11,lodz,Mała Amelia,Helios Lodz,15:00,2D,dubbing,helios-anime,2026-02-25T08:54:55.114200
2026-01-11,wroclaw,Mała Amelia,Helios Wroclaw Magnolia Park,15:00,2D,dubbing,helios-anime,2026-02-25T08:54:55.114202
2026-01-11,wroclaw,Mała Amelia,Helios Wroclaw Aleja Bielany,15:00,2D,dubbing,helios-anime,2026-02-25T08:54:55.114205
2026-01-11,gdansk,Mała Amelia,Helios Gdansk Alfa Centrum,15:00,2D,dubbing,helios-anime,2026-02-25T08:54:55.114207
2026-01-11,gdansk,Mała Amelia,Helios Gdansk Forum,15:00,2D,dubbing,helios-anime,2026-02-25T08:54:55.114210
2026-01-11,bialystok,Mała Amelia,Helios Bialystok Alfa,15:00,2D,dubbing,helios-anime,2026-02-25T08:54:55.114212
2026-01-11,bialystok,Mała Amelia,Helios Bialystok Galeria Biala,15:00,2D,dubbing,helios-anime,2026-02-25T08:54:55.114214
2026-01-11,bialystok,Mała Amelia,Helios Bialystok Galeria Jurowiecka,15:00,2D,dubbing,helios-anime,2026-02-25T08:54:55.114217
2026-01-11,szczecin,Mała Amelia,Helios Szczecin Outlet Park,15:00,2D,dubbing,helios-anime,2026-02-25T08:54:55.114220
