date,city,movie_title,cinema_name,time,format,language,event_type,scraped_at
2026-01-10,warszawa,Miss Moxy. Kocia ekipa (dubbing),Helios Warszawa Blue City,10:30,2D,dubbing,helios-dla-dzieci,2026-01-22T08:37:00.761514
2026-01-10,warszawa,Miss Moxy. Kocia ekipa (dubbing),Helios Warszawa Blue City,12:30,2D,dubbing,helios-dla-dzieci,2026-01-22T08:37:00.761527
2026-01-10,lodz,Miss Moxy. Kocia ekipa (dubbing),Helios Lodz,10:30,2D,dubbing,helios-dla-dzieci,2026-01-22T08:37:00.761532
2026-01-10,lodz,Miss Moxy. Kocia ekipa (dubbing),Helios Lodz,12:30,2D,dubbing,helios-dla-dzieci,2026-01-22T08:37:00.761534
2026-01-10,wroclaw,Miss Moxy. Kocia ekipa (dubbing),Helios Wroclaw Magnolia Park,10:30,2D,dubbing,helios-dla-dzieci,2026-01-22T08:37:00.761538
2026-01-10,wroclaw,Miss Moxy. Kocia ekipa (dubbing),Helios Wroclaw Magnolia Park,12:30,2D,dubbing,helios-dla-dzieci,2026-01-22T08:37:00.761542
2026-01-10,wroclaw,Miss Moxy. Kocia ekipa (dubbing),Helios Wroclaw Aleja Bielany,10:30,2D,dubbing,helios-dla-dzieci,2026-01-22T08:37:00.761546
2026-01-10,wroclaw,Miss Moxy. Kocia ekipa (dubbing),Helios Wroclaw Aleja Bielany,12:30,2D,dubbing,helios-dla-dzieci,2026-01-22T08:37:00.761549
2026-01-10,gdansk,Miss Moxy. Kocia ekipa (dubbing),Helios Gdansk Alfa Centrum,10:30,2D,dubbing,helios-dla-dzieci,2026-01-22T08:37:00.761553
2026-01-10,gdansk,Miss Moxy. Kocia ekipa (dubbing),Helios Gdansk Alfa Centrum,12:30,2D,dubbing,helios-dla-dzieci,2026-01-22T08:37:00.761555
2026-01-10,gdansk,Miss Moxy. Kocia ekipa (dubbing),Helios Gdansk Forum,10:30,2D,dubbing,helios-dla-dzieci,2026-01-22T08:37:00.761558
2026-01-10,gdansk,Miss Moxy. Kocia ekipa (dubbing),Helios Gdansk Forum,12:30,2D,dubbing,helios-dla-dzieci,2026-01-22T08:37:00.761560
2026-01-10,bialystok,Miss Moxy. Kocia ekipa (dubbing),Helios Bialystok Alfa,10:30,2D,dubbing,helios-dla-dzieci,2026-01-22T08:37:00.761563
2026-01-10,bialystok,Miss Moxy. Kocia ekipa (dubbing),Helios Bialystok Alfa,12:30,2D,dubbing,helios-dla-dzieci,2026-01-22T08:37:00.761565
2026-01-10,bialystok,Miss Moxy. Kocia ekipa (dubbing),Helios Bialystok Galeria Biala,10:30,2D,dubbing,helios-dla-dzieci,2026-01-22T08:37:00.761569
2026-01-10,bialystok,Miss Moxy. Kocia ekipa (dubbing),Helios Bialystok Galeria Biala,12:30,2D,dubbing,helios-dla-dzieci,2026-01-22T08:37:00.761570
2026-01-10,bialystok,Miss Moxy. Kocia ekipa (dubbing),Helios Bialystok Galeria Jurowiecka,10:30,2D,dubbing,helios-dla-dzieci,2026-01-22T08:37:00.761574
2026-01-10,bialystok,Miss Moxy. Kocia ekipa (dubbing),Helios Bialystok Galeria Jurowiecka,12:30,2D,dubbing,helios-dla-dzieci,2026-01-22T08:37:00.761576
2026-01-10,szczecin,Miss Moxy. Kocia ekipa (dubbing),Helios Szczecin Outlet Park,10:30,2D,dubbing,helios-dla-dzieci,2026-01-22T08:37:00.761579
2026-01-10,szczecin,Miss Moxy. Kocia ekipa (dubbing),Helios Szczecin Outlet Park,12:30,2D,dubbing,helios-dla-dzieci,2026-01-22T08:37:00.761581
2026-01-10,szczecin,Miss Moxy. Kocia ekipa (dubbing),Helios Szczecin Kupiec,10:30,2D,dubbing,helios-dla-dzieci,2026-01-22T08:37:00.761587
2026-01-10,szczecin,Miss Moxy. Kocia ekipa (dubbing),Helios Szczecin Kupiec,12:30,2D,dubbing,helios-dla-dzieci,2026-01-22T08:37:00.761589
2026-01-10,katowice,Miss Moxy. Kocia ekipa (dubbing),Helios Katowice,10:30,2D,dubbing,helios-dla-dzieci,2026-01-22T08:37:00.761591
2026-01-10,katowice,Miss Moxy. Kocia ekipa (dubbing),Helios Katowice,12:30,2D,dubbing,helios-dla-dzieci,2026-01-22T08:37:00.761593
2026-01-10,krakow,Miss Moxy. Kocia ekipa (dubbing),Helios Krakow,10:30,2D,dubbing,helios-dla-dzieci,2026-01-22T08:37:00.761595
2026-01-10,krakow,Miss Moxy. Kocia ekipa (dubbing),Helios Krakow,12:30,2D,dubbing,helios-dla-dzieci,2026-01-22T08:37:00.761597
2026-01-10,poznan,Miss Moxy. Kocia ekipa (dubbing),Helios Poznan Arena,10:30,2D,dubbing,helios-dla-dzieci,2026-01-22T08:37:00.761600
2026-01-10,poznan,Miss Moxy. Kocia ekipa (dubbing),Helios Poznan Arena,12:30,2D,dubbing,helios-dla-dzieci,2026-01-22T08:37:00.761602
2026-01-10,poznan,Miss Moxy. Kocia ekipa (dubbing),Helios Poznan Pestka,10:30,2D,dubbing,helios-dla-dzieci,2026-01-22T08:37:00.761604
2026-01-10,poznan,Miss Moxy. Kocia ekipa (dubbing),Helios Poznan Pestka,12:30,2D,dubbing,helios-dla-dzieci,2026-01-22T08:37:00.761606
2026-01-10,opole,Miss Moxy. Kocia ekipa (dubbing),Helios Opole Solaris,10:30,2D,dubbing,helios-dla-dzieci,2026-01-22T08:37:00.761608
2026-01-10,opole,Miss Moxy. Kocia ekipa (dubbing),Helios Opole Solaris,12:30,2D,dubbing,helios-dla-dzieci,2026-01-22T08:37:00.761610
2026-01-10,opole,Miss Moxy. Kocia ekipa (dubbing),Helios Opole Karolinka,10:30,2D,dubbing,helios-dla-dzieci,2026-01-22T08:37:00.761613
2026-01-10,opole,Miss Moxy. Kocia ekipa (dubbing),Helios Opole Karolinka,12:30,2D,dubbing,helios-dla-dzieci,2026-01-22T08:37:00.761614
2026-01-10,olsztyn,Miss Moxy. Kocia ekipa (dubbing),Helios Olsztyn,10:30,2D,dubbing,helios-dla-dzieci,2026-01-22T08:37:00.761617
2026-01-10,olsztyn,Miss Moxy. Kocia ekipa (dubbing),Helios Olsztyn,12:30,2D,dubbing,helios-dla-dzieci,2026-01-22T08:37:00.761619
2026-01-10,torun,Miss Moxy. Kocia ekipa (dubbing),Helios Torun,10:30,2D,dubbing,helios-dla-dzieci,2026-01-22T08:37:00.761621
2026-01-10,torun,Miss Moxy. Kocia ekipa (dubbing),Helios Torun,12:30,2D,dubbing,helios-dla-dzieci,2026-01-22T08:37:00.761623
2026-01-10,kielce,Miss Moxy. Kocia ekipa (dubbing),Helios Kielce,10:30,2D,dubbing,helios-dla-dzieci,2026-01-22T08:37:00.761625
2026-01-10,kielce,Miss Moxy. Kocia ekipa (dubbing),Helios Kielce,12:30,2D,dubbing,helios-dla-dzieci,2026-01-22T08:37:00.761627
2026-01-10,rzeszow,Miss Moxy. Kocia ekipa (dubbing),Helios Rzeszow,10:30,2D,dubbing,helios-dla-dzieci,2026-01-22T08:37:00.761631
2026-01-10,rzeszow,Miss Moxy. Kocia ekipa (dubbing),Helios Rzeszow,12:30,2D,dubbing,helios-dla-dzieci,2026-01-22T08:37:00.761633
2026-01-10,lublin,Miss Moxy. Kocia ekipa (dubbing),Helios Lublin Plaza,10:30,2D,dubbing,helios-dla-dzieci,2026-01-22T08:37:00.761635
2026-01-10,lublin,Miss Moxy. Kocia ekipa (dubbing),Helios Lublin Plaza,12:30,2D,dubbing,helios-dla-dzieci,2026-01-22T08:37:00.761637
2026-01-10,bydgoszcz,Miss Moxy. Kocia ekipa (dubbing),Helios Bydgoszcz Focus,10:30,2D,dubbing,helios-dla-dzieci,2026-01-22T08:37:00.761640
2026-01-10,bydgoszcz,Miss Moxy. Kocia ekipa (dubbing),Helios Bydgoszcz Focus,12:30,2D,dubbing,helios-dla-dzieci,2026-01-22T08:37:00.761641
2026-01-10,czestochowa,Miss Moxy. Kocia ekipa (dubbing),Helios Czestochowa Galeria Jurajska,10:30,2D,dubbing,helios-dla-dzieci,2026-01-22T08:37:00.761644
2026-01-10,czestochowa,Miss Moxy. Kocia ekipa (dubbing),Helios Czestochowa Galeria Jurajska,12:30,2D,dubbing,helios-dla-dzieci,2026-01-22T08:37:00.761646
2026-01-10,radom,Miss Moxy. Kocia ekipa (dubbing),Helios Radom,10:30,2D,dubbing,helios-dla-dzieci,2026-01-22T08:37:00.761648
2026-01-10,radom,Miss Moxy. Kocia ekipa (dubbing),Helios Radom,12:30,2D,dubbing,helios-dla-dzieci,2026-01-22T08:37:00.761652
2026-01-10,gliwice,Miss Moxy. Kocia ekipa (dubbing),Helios Gliwice Arena,10:30,2D,dubbing,helios-dla-dzieci,2026-01-22T08:37:00.761654
2026-01-10,gliwice,Miss Moxy. Kocia ekipa (dubbing),Helios Gliwice Arena,12:30,2D,dubbing,helios-dla-dzieci,2026-01-22T08:37:00.761656
2026-01-10,sosnowiec,Miss Moxy. Kocia ekipa (dubbing),Helios Sosnowiec Plaza,10:30,2D,dubbing,helios-dla-dzieci,2026-01-22T08:37:00.761659
2026-01-10,sosnowiec,Miss Moxy. Kocia ekipa (dubbing),Helios Sosnowiec Plaza,12:30,2D,dubbing,helios-dla-dzieci,2026-01-22T08:37:00.761661
2026-01-10,siedlce,Miss Moxy. Kocia ekipa (dubbing),Helios Siedlce,10:30,2D,dubbing,helios-dla-dzieci,2026-01-22T08:37:00.761663
2026-01-10,siedlce,Miss Moxy. Kocia ekipa (dubbing),Helios Siedlce,12:30,2D,dubbing,helios-dla-dzieci,2026-01-22T08:37:00.761665
2026-01-10,plock,Miss Moxy. Kocia ekipa (dubbing),Helios Plock Galeria Wisla,10:30,2D,dubbing,helios-dla-dzieci,2026-01-22T08:37:00.761667
2026-01-10,plock,Miss Moxy. Kocia ekipa (dubbing),Helios Plock Galeria Wisla,12:30,2D,dubbing,helios-dla-dzieci,2026-01-22T08:37:00.761669
2026-01-10,legnica,Miss Moxy. Kocia ekipa (dubbing),Helios Legnica,10:30,2D,dubbing,helios-dla-dzieci,2026-01-22T08:37:00.761671
2026-01-10,legnica,Miss Moxy. Kocia ekipa (dubbing),Helios Legnica,12:30,2D,dubbing,helios-dla-dzieci,2026-01-22T08:37:00.761673
2026-01-10,gorzow-wielkopolski,Miss Moxy. Kocia ekipa (dubbing),Helios Gorzow Wielkopolski Askana,10:30,2D,dubbing,helios-dla-dzieci,2026-01-22T08:37:00.761676
2026-01-10,gorzow-wielkopolski,Miss Moxy. Kocia ekipa (dubbing),Helios Gorzow Wielkopolski Askana,12:30,2D,dubbing,helios-dla-dzieci,2026-01-22T08:37:00.761678
2026-01-11,warszawa,Miss Moxy. Kocia ekipa (dubbing),Helios Warszawa Blue City,10:30,2D,dubbing,helios-dla-dzieci,2026-01-22T08:37:00.761681
2026-01-11,warszawa,Miss Moxy. Kocia ekipa (dubbing),Helios Warszawa Blue City,12:30,2D,dubbing,helios-dla-dzieci,2026-01-22T08:37:00.761683
2026-01-11,lodz,Miss Moxy. Kocia ekipa (dubbing),Helios Lodz,10:30,2D,dubbing,helios-dla-dzieci,2026-01-22T08:37:00.761685
2026-01-11,lodz,Miss Moxy. Kocia ekipa (dubbing),Helios Lodz,12:30,2D,dubbing,helios-dla-dzieci,2026-01-22T08:37:00.761687
2026-01-11,wroclaw,Miss Moxy. Kocia ekipa (dubbing),Helios Wroclaw Magnolia Park,10:30,2D,dubbing,helios-dla-dzieci,2026-01-22T08:37:00.761690
2026-01-11,wroclaw,Miss Moxy. Kocia ekipa (dubbing),Helios Wroclaw Magnolia Park,12:30,2D,dubbing,helios-dla-dzieci,2026-01-22T08:37:00.761692
2026-01-11,wroclaw,Miss Moxy. Kocia ekipa (dubbing),Helios Wroclaw Aleja Bielany,10:30,2D,dubbing,helios-dla-dzieci,2026-01-22T08:37:00.761694
2026-01-11,wroclaw,Miss Moxy. Kocia ekipa (dubbing),Helios Wroclaw Aleja Bielany,12:30,2D,dubbing,helios-dla-dzieci,2026-01-22T08:37:00.761696
2026-01-11,gdansk,Miss Moxy. Kocia ekipa (dubbing),Helios Gdansk Alfa Centrum,10:30,2D,dubbing,helios-dla-dzieci,2026-01-22T08:37:00.761698
2026-01-11,gdansk,Miss Moxy. Kocia ekipa (dubbing),Helios Gdansk Alfa Centrum,12:30,2D,dubbing,helios-dla-dzieci,2026-01-22T08:37:00.761700
2026-01-11,gdansk,Miss Moxy. Kocia ekipa (dubbing),Helios Gdansk Forum,10:30,2D,dubbing,helios-dla-dzieci,2026-01-22T08:37:00.761703
2026-01-11,gdansk,Miss Moxy. Kocia ekipa (dubbing),Helios Gdansk Forum,12:30,2D,dubbing,helios-dla-dzieci,2026-01-22T08:37:00.761704
2026-01-11,bialystok,Miss Moxy. Kocia ekipa (dubbing),Helios Bialystok Alfa,10:30,2D,dubbing,helios-dla-dzieci,2026-01-22T08:37:00.761708
2026-01-11,bialystok,Miss Moxy. Kocia ekipa (dubbing),Helios Bialystok Alfa,12:30,2D,dubbing,helios-dla-dzieci,2026-01-22T08:37:00.761710
2026-01-11,bialystok,Miss Moxy. Kocia ekipa (dubbing),Helios Bialystok Galeria Biala,10:30,2D,dubbing,helios-dla-dzieci,2026-01-22T08:37:00.761713
2026-01-11,bialystok,Miss Moxy. Kocia ekipa (dubbing),Helios Bialystok Galeria Biala,12:30,2D,dubbing,helios-dla-dzieci,2026-01-22T08:37:00.761715
2026-01-11,bialystok,Miss Moxy. Kocia ekipa (dubbing),Helios Bialystok Galeria Jurowiecka,10:30,2D,dubbing,helios-dla-dzieci,2026-01-22T08:37:00.761719
2026-01-11,bialystok,Miss Moxy. Kocia ekipa (dubbing),Helios Bialystok Galeria Jurowiecka,12:30,2D,dubbing,helios-dla-dzieci,2026-01-22T08:37:00.761721
2026-01-11,szczecin,Miss Moxy. Kocia ekipa (dubbing),Helios Szczecin Outlet Park,10:30,2D,dubbing,helios-dla-dzieci,2026-01-22T08:37:00.761724
2026-01-11,szczecin,Miss Moxy. Kocia ekipa (dubbing),Helios Szczecin Outlet Park,12:30,2D,dubbing,helios-dla-dzieci,2026-01-22T08:37:00.761725
2026-01-11,szczecin,Miss Moxy. Kocia ekipa (dubbing),Helios Szczecin Kupiec,10:30,2D,dubbing,helios-dla-dzieci,2026-01-22T08:37:00.761728
2026-01-11,szczecin,Miss Moxy. Kocia ekipa (dubbing),Helios Szczecin Kupiec,12:30,2D,dubbing,helios-dla-dzieci,2026-01-22T08:37:00.761729
2026-01-11,katowice,Miss Moxy. Kocia ekipa (dubbing),Helios Katowice,10:30,2D,dubbing,helios-dla-dzieci,2026-01-22T08:37:00.761732
2026-01-11,katowice,Miss Moxy. Kocia ekipa (dubbing),Helios Katowice,12:30,2D,dubbing,helios-dla-dzieci,2026-01-22T08:37:00.761733
2026-01-11,krakow,Miss Moxy. Kocia ekipa (dubbing),Helios Krakow,10:30,2D,dubbing,helios-dla-dzieci,2026-01-22T08:37:00.761736
2026-01-11,krakow,Miss Moxy. Kocia ekipa (dubbing),Helios Krakow,12:30,2D,dubbing,helios-dla-dzieci,2026-01-22T08:37:00.761737
2026-01-11,poznan,Miss Moxy. Kocia ekipa (dubbing),Helios Poznan Arena,10:30,2D,dubbing,helios-dla-dzieci,2026-01-22T08:37:00.761740
2026-01-11,poznan,Miss Moxy. Kocia ekipa (dubbing),Helios Poznan Arena,12:30,2D,dubbing,helios-dla-dzieci,2026-01-22T08:37:00.761742
2026-01-11,poznan,Miss Moxy. Kocia ekipa (dubbing),Helios Poznan Pestka,10:30,2D,dubbing,helios-dla-dzieci,2026-01-22T08:37:00.761746
2026-01-11,poznan,Miss Moxy. Kocia ekipa (dubbing),Helios Poznan Pestka,12:30,2D,dubbing,helios-dla-dzieci,2026-01-22T08:37:00.761748
2026-01-11,opole,Miss Moxy. Kocia ekipa (dubbing),Helios Opole Solaris,10:30,2D,dubbing,helios-dla-dzieci,2026-01-22T08:37:00.761771
2026-01-11,opole,Miss Moxy. Kocia ekipa (dubbing),Helios Opole Solaris,12:30,2D,dubbing,helios-dla-dzieci,2026-01-22T08:37:00.761773
2026-01-11,opole,Miss Moxy. Kocia ekipa (dubbing),Helios Opole Karolinka,10:30,2D,dubbing,helios-dla-dzieci,2026-01-22T08:37:00.761775
2026-01-11,opole,Miss Moxy. Kocia ekipa (dubbing),Helios Opole Karolinka,12:30,2D,dubbing,helios-dla-dzieci,2026-01-22T08:37:00.761777
2026-01-11,olsztyn,Miss Moxy. Kocia ekipa (dubbing),Helios Olsztyn,10:30,2D,dubbing,helios-dla-dzieci,2026-01-22T08:37:00.761779
2026-01-11,olsztyn,Miss Moxy. Kocia ekipa (dubbing),Helios Olsztyn,12:30,2D,dubbing,helios-dla-dzieci,2026-01-22T08:37:00.761781
2026-01-11,torun,Miss Moxy. Kocia ekipa (dubbing),Helios Torun,10:30,2D,dubbing,helios-dla-dzieci,2026-01-22T08:37:00.761783
2026-01-11,torun,Miss Moxy. Kocia ekipa (dubbing),Helios Torun,12:30,2D,dubbing,helios-dla-dzieci,2026-01-22T08:37:00.761785
2026-01-11,kielce,Miss Moxy. Kocia ekipa (dubbing),Helios Kielce,10:30,2D,dubbing,helios-dla-dzieci,2026-01-22T08:37:00.761787
2026-01-11,kielce,Miss Moxy. Kocia ekipa (dubbing),Helios Kielce,12:30,2D,dubbing,helios-dla-dzieci,2026-01-22T08:37:00.761789
2026-01-11,rzeszow,Miss Moxy. Kocia ekipa (dubbing),Helios Rzeszow,10:30,2D,dubbing,helios-dla-dzieci,2026-01-22T08:37:00.761791
2026-01-11,rzeszow,Miss Moxy. Kocia ekipa (dubbing),Helios Rzeszow,12:30,2D,dubbing,helios-dla-dzieci,2026-01-22T08:37:00.761793
2026-01-11,lublin,Miss Moxy. Kocia ekipa (dubbing),Helios Lublin Plaza,10:30,2D,dubbing,helios-dla-dzieci,2026-01-22T08:37:00.761795
2026-01-11,lublin,Miss Moxy. Kocia ekipa (dubbing),Helios Lublin Plaza,12:30,2D,dubbing,helios-dla-dzieci,2026-01-22T08:37:00.761797
2026-01-11,bydgoszcz,Miss Moxy. Kocia ekipa (dubbing),Helios Bydgoszcz Focus,10:30,2D,dubbing,helios-dla-dzieci,2026-01-22T08:37:00.761800
2026-01-11,bydgoszcz,Miss Moxy. Kocia ekipa (dubbing),Helios Bydgoszcz Focus,12:30,2D,dubbing,helios-dla-dzieci,2026-01-22T08:37:00.761801
2026-01-11,czestochowa,Miss Moxy. Kocia ekipa (dubbing),Helios Czestochowa Galeria Jurajska,10:30,2D,dubbing,helios-dla-dzieci,2026-01-22T08:37:00.761804
2026-01-11,czestochowa,Miss Moxy. Kocia ekipa (dubbing),Helios Czestochowa Galeria Jurajska,12:30,2D,dubbing,helios-dla-dzieci,2026-01-22T08:37:00.761806
2026-01-11,radom,Miss Moxy. Kocia ekipa (dubbing),Helios Radom,10:30,2D,dubbing,helios-dla-dzieci,2026-01-22T08:37:00.761808
2026-01-11,radom,Miss Moxy. Kocia ekipa (dubbing),Helios Radom,12:30,2D,dubbing,helios-dla-dzieci,2026-01-22T08:37:00.761810
2026-01-11,gliwice,Miss Moxy. Kocia ekipa (dubbing),Helios Gliwice Arena,10:30,2D,dubbing,helios-dla-dzieci,2026-01-22T08:37:00.761812
2026-01-11,gliwice,Miss Moxy. Kocia ekipa (dubbing),Helios Gliwice Arena,12:30,2D,dubbing,helios-dla-dzieci,2026-01-22T08:37:00.761814
2026-01-11,sosnowiec,Miss Moxy. Kocia ekipa (dubbing),Helios Sosnowiec Plaza,10:30,2D,dubbing,helios-dla-dzieci,2026-01-22T08:37:00.761816
2026-01-11,sosnowiec,Miss Moxy. Kocia ekipa (dubbing),Helios Sosnowiec Plaza,12:30,2D,dubbing,helios-dla-dzieci,2026-01-22T08:37:00.761818
2026-01-11,siedlce,Miss Moxy. Kocia ekipa (dubbing),Helios Siedlce,10:30,2D,dubbing,helios-dla-dzieci,2026-01-22T08:37:00.761820
2026-01-11,siedlce,Miss Moxy. Kocia ekipa (dubbing),Helios Siedlce,12:30,2D,dubbing,helios-dla-dzieci,2026-01-22T08:37:00.761822
2026-01-11,plock,Miss Moxy. Kocia ekipa (dubbing),Helios Plock Galeria Wisla,10:30,2D,dubbing,helios-dla-dzieci,2026-01-22T08:37:00.761824
2026-01-11,plock,Miss Moxy. Kocia ekipa (dubbing),Helios Plock Galeria Wisla,12:30,2D,dubbing,helios-dla-dzieci,2026-01-22T08:37:00.761826
2026-01-11,legnica,Miss Moxy. Kocia ekipa (dubbing),Helios Legnica,10:30,2D,dubbing,helios-dla-dzieci,2026-01-22T08:37:00.761828
2026-01-11,legnica,Miss Moxy. Kocia ekipa (dubbing),Helios Legnica,12:30,2D,dubbing,helios-dla-dzieci,2026-01-22T08:37:00.761831
2026-01-11,gorzow-wielkopolski,Miss Moxy. Kocia ekipa (dubbing),Helios Gorzow Wielkopolski Askana,10:30,2D,dubbing,helios-dla-dzieci,2026-01-22T08:37:00.761833
2026-01-11,gorzow-wielkopolski,Miss Moxy. Kocia ekipa (dubbing),Helios Gorzow Wielkopolski Askana,12:30,2D,dubbing,helios-dla-dzieci,2026-01-22T08:37:00.761835
2026-01-10,warszawa,Mała Amelia,Helios Warszawa Blue City,15:00,2D,dubbing,helios-anime,2026-01-22T08:37:00.761838
2026-01-10,lodz,Mała Amelia,Helios Lodz,15:00,2D,dubbing,helios-anime,2026-01-22T08:37:00.761841
2026-01-10,wroclaw,Mała Amelia,Helios Wroclaw Magnolia Park,15:00,2D,dubbing,helios-anime,2026-01-22T08:37:00.761843
2026-01-10,wroclaw,Mała Amelia,Helios Wroclaw Aleja Bielany,15:00,2D,dubbing,helios-anime,2026-01-22T08:37:00.761852
2026-01-10,gdansk,Mała Amelia,Helios Gdansk Alfa Centrum,15:00,2D,dubbing,helios-anime,2026-01-22T08:37:00.761855
2026-01-10,gdansk,Mała Amelia,Helios Gdansk Forum,15:00,2D,dubbing,helios-anime,2026-01-22T08:37:00.761858
2026-01-10,bialystok,Mała Amelia,Helios Bialystok Alfa,15:00,2D,dubbing,helios-anime,2026-01-22T08:37:00.761860
2026-01-10,bialystok,Mała Amelia,Helios Bialystok Galeria Biala,15:00,2D,dubbing,helios-anime,2026-01-22T08:37:00.761863
2026-01-10,bialystok,Mała Amelia,Helios Bialystok Galeria Jurowiecka,15:00,2D,dubbing,helios-anime,2026-01-22T08:37:00.761865
2026-01-10,szczecin,Mała Amelia,Helios Szczecin Outlet Park,15:00,2D,dubbing,helios-anime,2026-01-22T08:37:00.761868
2026-01-11,warszawa,Mała Amelia,Helios Warszawa Blue City,15:00,2D,dubbing,helios-anime,2026-01-22T08:37:00.761871
2026-01-11,lodz,Mała Amelia,Helios Lodz,15:00,2D,dubbing,helios-anime,2026-01-22T08:37:00.761873
2026-01-11,wroclaw,Mała Amelia,Helios Wroclaw Magnolia Park,15:00,2D,dubbing,helios-anime,2026-01-22T08:37:00.761876
2026-01-11,wroclaw,Mała Amelia,Helios Wroclaw Aleja Bielany,15:00,2D,dubbing,helios-anime,2026-01-22T08:37:00.761878
2026-01-11,gdansk,Mała Amelia,Helios Gdansk Alfa Centrum,15:00,2D,dubbing,helios-anime,2026-01-22T08:37:00.761881
2026-01-11,gdansk,Mała Amelia,Helios Gdansk Forum,15:00,2D,dubbing,helios-anime,2026-01-22T08:37:00.761883
2026-01-11,bialystok,Mała Amelia,Helios Bialystok Alfa,15:00,2D,dubbing,helios-anime,2026-01-22T08:37:00.761885
2026-01-11,bialystok,Mała Amelia,Helios Bialystok Galeria Biala,15:00,2D,dubbing,helios-anime,2026-01-22T08:37:00.761888
2026-01-11,bialystok,Mała Amelia,Helios Bialystok Galeria Jurowiecka,15:00,2D,dubbing,helios-anime,2026-01-22T08:37:00.761890
2026-01-11,szczecin,Mała Amelia,Helios Szczecin Outlet Park,15:00,2D,dubbing,helios-anime,2026-01-22T08:37:00.761893
